source_type,source_name,relationship,target_type,target_name,weight,year,note
Person,Zhang Yimou,MADE_IN_COUNTRY,Country,China,1,,origin
Person,Zhang Yimou,ACTIVE_IN_DECADE,Decade,1980s,0.5,,career timeline
Person,Zhang Yimou,ACTIVE_IN_DECADE,Decade,1990s,0.5,,career timeline
Person,Zhang Yimou,ACTIVE_IN_DECADE,Decade,2000s,0.5,,career timeline
Person,Zhang Yimou,ACTIVE_IN_DECADE,Decade,2010s,0.5,,career timeline
Person,Zhang Yimou,ACTIVE_IN_DECADE,Decade,2020s,0.5,,career timeline
Person,Chen Kaige,MADE_IN_COUNTRY,Country,China,1,,origin
Person,Chen Kaige,ACTIVE_IN_DECADE,Decade,1980s,0.5,,career timeline
Person,Chen Kaige,ACTIVE_IN_DECADE,Decade,1990s,0.5,,career timeline
Person,Chen Kaige,ACTIVE_IN_DECADE,Decade,2000s,0.5,,career timeline
Person,Chen Kaige,ACTIVE_IN_DECADE,Decade,2010s,0.5,,career timeline
Person,Wong Kar-wai,MADE_IN_COUNTRY,Country,Hong Kong,1,,origin
Person,Wong Kar-wai,ACTIVE_IN_DECADE,Decade,1980s,0.5,,career timeline
Person,Wong Kar-wai,ACTIVE_IN_DECADE,Decade,1990s,0.5,,career timeline
Person,Wong Kar-wai,ACTIVE_IN_DECADE,Decade,2000s,0.5,,career timeline
Person,Wong Kar-wai,ACTIVE_IN_DECADE,Decade,2010s,0.5,,career timeline
Person,Ang Lee,MADE_IN_COUNTRY,Country,Taiwan,1,,origin
Person,Ang Lee,ACTIVE_IN_DECADE,Decade,1990s,0.5,,career timeline
Person,Ang Lee,ACTIVE_IN_DECADE,Decade,2000s,0.5,,career timeline
Person,Ang Lee,ACTIVE_IN_DECADE,Decade,2010s,0.5,,career timeline
Person,Ang Lee,ACTIVE_IN_DECADE,Decade,2020s,0.5,,career timeline
Person,Jia Zhangke,MADE_IN_COUNTRY,Country,China,1,,origin
Person,Jia Zhangke,ACTIVE_IN_DECADE,Decade,1990s,0.5,,career timeline
Person,Jia Zhangke,ACTIVE_IN_DECADE,Decade,2000s,0.5,,career timeline
Person,Jia Zhangke,ACTIVE_IN_DECADE,Decade,2010s,0.5,,career timeline
Person,Jia Zhangke,ACTIVE_IN_DECADE,Decade,2020s,0.5,,career timeline
Person,Feng Xiaogang,MADE_IN_COUNTRY,Country,China,1,,origin
Person,Feng Xiaogang,ACTIVE_IN_DECADE,Decade,1990s,0.5,,career timeline
Person,Feng Xiaogang,ACTIVE_IN_DECADE,Decade,2000s,0.5,,career timeline
Person,Feng Xiaogang,ACTIVE_IN_DECADE,Decade,2010s,0.5,,career timeline
Person,Feng Xiaogang,ACTIVE_IN_DECADE,Decade,2020s,0.5,,career timeline
Person,Jiang Wen,MADE_IN_COUNTRY,Country,China,1,,origin
Person,Jiang Wen,ACTIVE_IN_DECADE,Decade,1990s,0.5,,career timeline
Person,Jiang Wen,ACTIVE_IN_DECADE,Decade,2000s,0.5,,career timeline
Person,Jiang Wen,ACTIVE_IN_DECADE,Decade,2010s,0.5,,career timeline
Person,Lou Ye,MADE_IN_COUNTRY,Country,China,1,,origin
Person,Lou Ye,ACTIVE_IN_DECADE,Decade,2000s,0.5,,career timeline
Person,Lou Ye,ACTIVE_IN_DECADE,Decade,2010s,0.5,,career timeline
Person,Lou Ye,ACTIVE_IN_DECADE,Decade,2020s,0.5,,career timeline
Person,Bi Gan,MADE_IN_COUNTRY,Country,China,1,,origin
Person,Bi Gan,ACTIVE_IN_DECADE,Decade,2010s,0.5,,career timeline
Person,Bi Gan,ACTIVE_IN_DECADE,Decade,2020s,0.5,,career timeline
Person,Peter Chan,MADE_IN_COUNTRY,Country,Hong Kong,1,,origin
Person,Peter Chan,ACTIVE_IN_DECADE,Decade,1990s,0.5,,career timeline
Person,Peter Chan,ACTIVE_IN_DECADE,Decade,2000s,0.5,,career timeline
Person,Peter Chan,ACTIVE_IN_DECADE,Decade,2010s,0.5,,career timeline
Person,Peter Chan,ACTIVE_IN_DECADE,Decade,2020s,0.5,,career timeline
Person,Ann Hui,MADE_IN_COUNTRY,Country,Hong Kong,1,,origin
Person,Ann Hui,ACTIVE_IN_DECADE,Decade,1980s,0.5,,career timeline
Person,Ann Hui,ACTIVE_IN_DECADE,Decade,1990s,0.5,,career timeline
Person,Ann Hui,ACTIVE_IN_DECADE,Decade,2000s,0.5,,career timeline
Person,Ann Hui,ACTIVE_IN_DECADE,Decade,2010s,0.5,,career timeline
Person,Ann Hui,ACTIVE_IN_DECADE,Decade,2020s,0.5,,career timeline
Person,Stephen Chow,MADE_IN_COUNTRY,Country,Hong Kong,1,,origin
Person,Stephen Chow,ACTIVE_IN_DECADE,Decade,1990s,0.5,,career timeline
Person,Stephen Chow,ACTIVE_IN_DECADE,Decade,2000s,0.5,,career timeline
Person,Stephen Chow,ACTIVE_IN_DECADE,Decade,2010s,0.5,,career timeline
Person,John Woo,MADE_IN_COUNTRY,Country,Hong Kong,1,,origin
Person,John Woo,ACTIVE_IN_DECADE,Decade,1980s,0.5,,career timeline
Person,John Woo,ACTIVE_IN_DECADE,Decade,1990s,0.5,,career timeline
Person,John Woo,ACTIVE_IN_DECADE,Decade,2000s,0.5,,career timeline
Person,John Woo,ACTIVE_IN_DECADE,Decade,2010s,0.5,,career timeline
Person,Tsui Hark,MADE_IN_COUNTRY,Country,Hong Kong,1,,origin
Person,Tsui Hark,ACTIVE_IN_DECADE,Decade,1980s,0.5,,career timeline
Person,Tsui Hark,ACTIVE_IN_DECADE,Decade,1990s,0.5,,career timeline
Person,Tsui Hark,ACTIVE_IN_DECADE,Decade,2000s,0.5,,career timeline
Person,Tsui Hark,ACTIVE_IN_DECADE,Decade,2010s,0.5,,career timeline
Person,Guo Fan,MADE_IN_COUNTRY,Country,China,1,,origin
Person,Guo Fan,ACTIVE_IN_DECADE,Decade,2010s,0.5,,career timeline
Person,Guo Fan,ACTIVE_IN_DECADE,Decade,2020s,0.5,,career timeline
Person,Frant Gwo,MADE_IN_COUNTRY,Country,China,1,,origin
Person,Frant Gwo,ACTIVE_IN_DECADE,Decade,2010s,0.5,,career timeline
Person,Frant Gwo,ACTIVE_IN_DECADE,Decade,2020s,0.5,,career timeline
Person,Ning Hao,MADE_IN_COUNTRY,Country,China,1,,origin
Person,Ning Hao,ACTIVE_IN_DECADE,Decade,2000s,0.5,,career timeline
Person,Ning Hao,ACTIVE_IN_DECADE,Decade,2010s,0.5,,career timeline
Person,Ning Hao,ACTIVE_IN_DECADE,Decade,2020s,0.5,,career timeline
Person,Diao Yinan,MADE_IN_COUNTRY,Country,China,1,,origin
Person,Diao Yinan,ACTIVE_IN_DECADE,Decade,2000s,0.5,,career timeline
Person,Diao Yinan,ACTIVE_IN_DECADE,Decade,2010s,0.5,,career timeline
Person,Xu Zheng,MADE_IN_COUNTRY,Country,China,1,,origin
Person,Xu Zheng,ACTIVE_IN_DECADE,Decade,2010s,0.5,,career timeline
Person,Xu Zheng,ACTIVE_IN_DECADE,Decade,2020s,0.5,,career timeline
Person,Chen Sicheng,MADE_IN_COUNTRY,Country,China,1,,origin
Person,Chen Sicheng,ACTIVE_IN_DECADE,Decade,2010s,0.5,,career timeline
Person,Chen Sicheng,ACTIVE_IN_DECADE,Decade,2020s,0.5,,career timeline
Person,Derek Tsang,MADE_IN_COUNTRY,Country,Hong Kong,1,,origin
Person,Derek Tsang,ACTIVE_IN_DECADE,Decade,2010s,0.5,,career timeline
Person,Derek Tsang,ACTIVE_IN_DECADE,Decade,2020s,0.5,,career timeline
Person,Jia Ling,MADE_IN_COUNTRY,Country,China,1,,origin
Person,Jia Ling,ACTIVE_IN_DECADE,Decade,2020s,0.5,,career timeline
Person,Dante Lam,MADE_IN_COUNTRY,Country,Hong Kong,1,,origin
Person,Dante Lam,ACTIVE_IN_DECADE,Decade,2000s,0.5,,career timeline
Person,Dante Lam,ACTIVE_IN_DECADE,Decade,2010s,0.5,,career timeline
Person,Dante Lam,ACTIVE_IN_DECADE,Decade,2020s,0.5,,career timeline
Person,Jiaozi,MADE_IN_COUNTRY,Country,China,1,,origin
Person,Jiaozi,ACTIVE_IN_DECADE,Decade,2010s,0.5,,career timeline
Person,Jiaozi,ACTIVE_IN_DECADE,Decade,2020s,0.5,,career timeline
Person,Lee Isaac Chung,MADE_IN_COUNTRY,Country,United States,1,,origin
Person,Lee Isaac Chung,ACTIVE_IN_DECADE,Decade,2000s,0.5,,career timeline
Person,Lee Isaac Chung,ACTIVE_IN_DECADE,Decade,2010s,0.5,,career timeline
Person,Lee Isaac Chung,ACTIVE_IN_DECADE,Decade,2020s,0.5,,career timeline
Person,Lulu Wang,MADE_IN_COUNTRY,Country,United States,1,,origin
Person,Lulu Wang,ACTIVE_IN_DECADE,Decade,2010s,0.5,,career timeline
Person,Lulu Wang,ACTIVE_IN_DECADE,Decade,2020s,0.5,,career timeline
Person,Daniel Kwan,MADE_IN_COUNTRY,Country,United States,1,,origin
Person,Daniel Kwan,ACTIVE_IN_DECADE,Decade,2010s,0.5,,career timeline
Person,Daniel Kwan,ACTIVE_IN_DECADE,Decade,2020s,0.5,,career timeline
Person,Daniel Scheinert,MADE_IN_COUNTRY,Country,United States,1,,origin
Person,Daniel Scheinert,ACTIVE_IN_DECADE,Decade,2010s,0.5,,career timeline
Person,Daniel Scheinert,ACTIVE_IN_DECADE,Decade,2020s,0.5,,career timeline
Person,Niki Caro,MADE_IN_COUNTRY,Country,New Zealand,1,,origin
Person,Niki Caro,ACTIVE_IN_DECADE,Decade,2000s,0.5,,career timeline
Person,Niki Caro,ACTIVE_IN_DECADE,Decade,2010s,0.5,,career timeline
Person,Niki Caro,ACTIVE_IN_DECADE,Decade,2020s,0.5,,career timeline
Person,Steven Spielberg,MADE_IN_COUNTRY,Country,United States,1,,origin
Person,Steven Spielberg,ACTIVE_IN_DECADE,Decade,1970s,0.5,,career timeline
Person,Steven Spielberg,ACTIVE_IN_DECADE,Decade,1980s,0.5,,career timeline
Person,Steven Spielberg,ACTIVE_IN_DECADE,Decade,1990s,0.5,,career timeline
Person,Steven Spielberg,ACTIVE_IN_DECADE,Decade,2000s,0.5,,career timeline
Person,Steven Spielberg,ACTIVE_IN_DECADE,Decade,2010s,0.5,,career timeline
Person,Steven Spielberg,ACTIVE_IN_DECADE,Decade,2020s,0.5,,career timeline
Person,Martin Scorsese,MADE_IN_COUNTRY,Country,United States,1,,origin
Person,Martin Scorsese,ACTIVE_IN_DECADE,Decade,1970s,0.5,,career timeline
Person,Martin Scorsese,ACTIVE_IN_DECADE,Decade,1980s,0.5,,career timeline
Person,Martin Scorsese,ACTIVE_IN_DECADE,Decade,1990s,0.5,,career timeline
Person,Martin Scorsese,ACTIVE_IN_DECADE,Decade,2000s,0.5,,career timeline
Person,Martin Scorsese,ACTIVE_IN_DECADE,Decade,2010s,0.5,,career timeline
Person,Martin Scorsese,ACTIVE_IN_DECADE,Decade,2020s,0.5,,career timeline
Person,Christopher Nolan,MADE_IN_COUNTRY,Country,United States,1,,origin
Person,Christopher Nolan,ACTIVE_IN_DECADE,Decade,1990s,0.5,,career timeline
Person,Christopher Nolan,ACTIVE_IN_DECADE,Decade,2000s,0.5,,career timeline
Person,Christopher Nolan,ACTIVE_IN_DECADE,Decade,2010s,0.5,,career timeline
Person,Christopher Nolan,ACTIVE_IN_DECADE,Decade,2020s,0.5,,career timeline
Person,Quentin Tarantino,MADE_IN_COUNTRY,Country,United States,1,,origin
Person,Quentin Tarantino,ACTIVE_IN_DECADE,Decade,1990s,0.5,,career timeline
Person,Quentin Tarantino,ACTIVE_IN_DECADE,Decade,2000s,0.5,,career timeline
Person,Quentin Tarantino,ACTIVE_IN_DECADE,Decade,2010s,0.5,,career timeline
Person,Quentin Tarantino,ACTIVE_IN_DECADE,Decade,2020s,0.5,,career timeline
Person,Greta Gerwig,MADE_IN_COUNTRY,Country,United States,1,,origin
Person,Greta Gerwig,ACTIVE_IN_DECADE,Decade,2010s,0.5,,career timeline
Person,Greta Gerwig,ACTIVE_IN_DECADE,Decade,2020s,0.5,,career timeline
Person,Sofia Coppola,MADE_IN_COUNTRY,Country,United States,1,,origin
Person,Sofia Coppola,ACTIVE_IN_DECADE,Decade,1990s,0.5,,career timeline
Person,Sofia Coppola,ACTIVE_IN_DECADE,Decade,2000s,0.5,,career timeline
Person,Sofia Coppola,ACTIVE_IN_DECADE,Decade,2010s,0.5,,career timeline
Person,Sofia Coppola,ACTIVE_IN_DECADE,Decade,2020s,0.5,,career timeline
Person,Kathryn Bigelow,MADE_IN_COUNTRY,Country,United States,1,,origin
Person,Kathryn Bigelow,ACTIVE_IN_DECADE,Decade,1980s,0.5,,career timeline
Person,Kathryn Bigelow,ACTIVE_IN_DECADE,Decade,1990s,0.5,,career timeline
Person,Kathryn Bigelow,ACTIVE_IN_DECADE,Decade,2000s,0.5,,career timeline
Person,Kathryn Bigelow,ACTIVE_IN_DECADE,Decade,2010s,0.5,,career timeline
Person,Jordan Peele,MADE_IN_COUNTRY,Country,United States,1,,origin
Person,Jordan Peele,ACTIVE_IN_DECADE,Decade,2010s,0.5,,career timeline
Person,Jordan Peele,ACTIVE_IN_DECADE,Decade,2020s,0.5,,career timeline
Person,Ryan Coogler,MADE_IN_COUNTRY,Country,United States,1,,origin
Person,Ryan Coogler,ACTIVE_IN_DECADE,Decade,2010s,0.5,,career timeline
Person,Ryan Coogler,ACTIVE_IN_DECADE,Decade,2020s,0.5,,career timeline
Person,James Cameron,MADE_IN_COUNTRY,Country,United States,1,,origin
Person,James Cameron,ACTIVE_IN_DECADE,Decade,1980s,0.5,,career timeline
Person,James Cameron,ACTIVE_IN_DECADE,Decade,1990s,0.5,,career timeline
Person,James Cameron,ACTIVE_IN_DECADE,Decade,2000s,0.5,,career timeline
Person,James Cameron,ACTIVE_IN_DECADE,Decade,2010s,0.5,,career timeline
Person,James Cameron,ACTIVE_IN_DECADE,Decade,2020s,0.5,,career timeline
Person,David Fincher,MADE_IN_COUNTRY,Country,United States,1,,origin
Person,David Fincher,ACTIVE_IN_DECADE,Decade,1990s,0.5,,career timeline
Person,David Fincher,ACTIVE_IN_DECADE,Decade,2000s,0.5,,career timeline
Person,David Fincher,ACTIVE_IN_DECADE,Decade,2010s,0.5,,career timeline
Person,David Fincher,ACTIVE_IN_DECADE,Decade,2020s,0.5,,career timeline
Person,Wes Anderson,MADE_IN_COUNTRY,Country,United States,1,,origin
Person,Wes Anderson,ACTIVE_IN_DECADE,Decade,1990s,0.5,,career timeline
Person,Wes Anderson,ACTIVE_IN_DECADE,Decade,2000s,0.5,,career timeline
Person,Wes Anderson,ACTIVE_IN_DECADE,Decade,2010s,0.5,,career timeline
Person,Wes Anderson,ACTIVE_IN_DECADE,Decade,2020s,0.5,,career timeline
Person,Denis Villeneuve,MADE_IN_COUNTRY,Country,Canada,1,,origin
Person,Denis Villeneuve,ACTIVE_IN_DECADE,Decade,2000s,0.5,,career timeline
Person,Denis Villeneuve,ACTIVE_IN_DECADE,Decade,2010s,0.5,,career timeline
Person,Denis Villeneuve,ACTIVE_IN_DECADE,Decade,2020s,0.5,,career timeline
Person,Damien Chazelle,MADE_IN_COUNTRY,Country,United States,1,,origin
Person,Damien Chazelle,ACTIVE_IN_DECADE,Decade,2010s,0.5,,career timeline
Person,Damien Chazelle,ACTIVE_IN_DECADE,Decade,2020s,0.5,,career timeline
Person,Barry Jenkins,MADE_IN_COUNTRY,Country,United States,1,,origin
Person,Barry Jenkins,ACTIVE_IN_DECADE,Decade,2010s,0.5,,career timeline
Person,Barry Jenkins,ACTIVE_IN_DECADE,Decade,2020s,0.5,,career timeline
Person,Spike Lee,MADE_IN_COUNTRY,Country,United States,1,,origin
Person,Spike Lee,ACTIVE_IN_DECADE,Decade,1980s,0.5,,career timeline
Person,Spike Lee,ACTIVE_IN_DECADE,Decade,1990s,0.5,,career timeline
Person,Spike Lee,ACTIVE_IN_DECADE,Decade,2000s,0.5,,career timeline
Person,Spike Lee,ACTIVE_IN_DECADE,Decade,2010s,0.5,,career timeline
Person,Spike Lee,ACTIVE_IN_DECADE,Decade,2020s,0.5,,career timeline
Person,Ridley Scott,MADE_IN_COUNTRY,Country,United Kingdom,1,,origin
Person,Ridley Scott,ACTIVE_IN_DECADE,Decade,1970s,0.5,,career timeline
Person,Ridley Scott,ACTIVE_IN_DECADE,Decade,1980s,0.5,,career timeline
Person,Ridley Scott,ACTIVE_IN_DECADE,Decade,1990s,0.5,,career timeline
Person,Ridley Scott,ACTIVE_IN_DECADE,Decade,2000s,0.5,,career timeline
Person,Ridley Scott,ACTIVE_IN_DECADE,Decade,2010s,0.5,,career timeline
Person,Ridley Scott,ACTIVE_IN_DECADE,Decade,2020s,0.5,,career timeline
Person,Francis Ford Coppola,MADE_IN_COUNTRY,Country,United States,1,,origin
Person,Francis Ford Coppola,ACTIVE_IN_DECADE,Decade,1970s,0.5,,career timeline
Person,Francis Ford Coppola,ACTIVE_IN_DECADE,Decade,1980s,0.5,,career timeline
Person,Francis Ford Coppola,ACTIVE_IN_DECADE,Decade,1990s,0.5,,career timeline
Person,Francis Ford Coppola,ACTIVE_IN_DECADE,Decade,2000s,0.5,,career timeline
Person,Francis Ford Coppola,ACTIVE_IN_DECADE,Decade,2010s,0.5,,career timeline
Person,George Lucas,MADE_IN_COUNTRY,Country,United States,1,,origin
Person,George Lucas,ACTIVE_IN_DECADE,Decade,1970s,0.5,,career timeline
Person,George Lucas,ACTIVE_IN_DECADE,Decade,1980s,0.5,,career timeline
Person,George Lucas,ACTIVE_IN_DECADE,Decade,1990s,0.5,,career timeline
Person,Paul Thomas Anderson,MADE_IN_COUNTRY,Country,United States,1,,origin
Person,Paul Thomas Anderson,ACTIVE_IN_DECADE,Decade,1990s,0.5,,career timeline
Person,Paul Thomas Anderson,ACTIVE_IN_DECADE,Decade,2000s,0.5,,career timeline
Person,Paul Thomas Anderson,ACTIVE_IN_DECADE,Decade,2010s,0.5,,career timeline
Person,Paul Thomas Anderson,ACTIVE_IN_DECADE,Decade,2020s,0.5,,career timeline
Person,Ari Aster,MADE_IN_COUNTRY,Country,United States,1,,origin
Person,Ari Aster,ACTIVE_IN_DECADE,Decade,2010s,0.5,,career timeline
Person,Ari Aster,ACTIVE_IN_DECADE,Decade,2020s,0.5,,career timeline
Person,Chloé Zhao,MADE_IN_COUNTRY,Country,United States,1,,origin
Person,Chloé Zhao,ACTIVE_IN_DECADE,Decade,2010s,0.5,,career timeline
Person,Chloé Zhao,ACTIVE_IN_DECADE,Decade,2020s,0.5,,career timeline
Person,Jon M. Chu,MADE_IN_COUNTRY,Country,United States,1,,origin
Person,Jon M. Chu,ACTIVE_IN_DECADE,Decade,2000s,0.5,,career timeline
Person,Jon M. Chu,ACTIVE_IN_DECADE,Decade,2010s,0.5,,career timeline
Person,Jon M. Chu,ACTIVE_IN_DECADE,Decade,2020s,0.5,,career timeline
Person,Lee Daniels,MADE_IN_COUNTRY,Country,United States,1,,origin
Person,Lee Daniels,ACTIVE_IN_DECADE,Decade,2000s,0.5,,career timeline
Person,Lee Daniels,ACTIVE_IN_DECADE,Decade,2010s,0.5,,career timeline
Person,Lee Daniels,ACTIVE_IN_DECADE,Decade,2020s,0.5,,career timeline
Person,Nora Ephron,MADE_IN_COUNTRY,Country,United States,1,,origin
Person,Nora Ephron,ACTIVE_IN_DECADE,Decade,1990s,0.5,,career timeline
Person,Nora Ephron,ACTIVE_IN_DECADE,Decade,2000s,0.5,,career timeline
Person,Ava DuVernay,MADE_IN_COUNTRY,Country,United States,1,,origin
Person,Ava DuVernay,ACTIVE_IN_DECADE,Decade,2010s,0.5,,career timeline
Person,Ava DuVernay,ACTIVE_IN_DECADE,Decade,2020s,0.5,,career timeline
Person,Gong Li,MADE_IN_COUNTRY,Country,China,1,,origin
Person,Gong Li,ACTIVE_IN_DECADE,Decade,1980s,0.5,,career timeline
Person,Gong Li,ACTIVE_IN_DECADE,Decade,1990s,0.5,,career timeline
Person,Gong Li,ACTIVE_IN_DECADE,Decade,2000s,0.5,,career timeline
Person,Gong Li,ACTIVE_IN_DECADE,Decade,2010s,0.5,,career timeline
Person,Gong Li,ACTIVE_IN_DECADE,Decade,2020s,0.5,,career timeline
Person,Zhang Ziyi,MADE_IN_COUNTRY,Country,China,1,,origin
Person,Zhang Ziyi,ACTIVE_IN_DECADE,Decade,1990s,0.5,,career timeline
Person,Zhang Ziyi,ACTIVE_IN_DECADE,Decade,2000s,0.5,,career timeline
Person,Zhang Ziyi,ACTIVE_IN_DECADE,Decade,2010s,0.5,,career timeline
Person,Zhang Ziyi,ACTIVE_IN_DECADE,Decade,2020s,0.5,,career timeline
Person,Maggie Cheung,MADE_IN_COUNTRY,Country,Hong Kong,1,,origin
Person,Maggie Cheung,ACTIVE_IN_DECADE,Decade,1980s,0.5,,career timeline
Person,Maggie Cheung,ACTIVE_IN_DECADE,Decade,1990s,0.5,,career timeline
Person,Maggie Cheung,ACTIVE_IN_DECADE,Decade,2000s,0.5,,career timeline
Person,Tony Leung Chiu-wai,MADE_IN_COUNTRY,Country,Hong Kong,1,,origin
Person,Tony Leung Chiu-wai,ACTIVE_IN_DECADE,Decade,1980s,0.5,,career timeline
Person,Tony Leung Chiu-wai,ACTIVE_IN_DECADE,Decade,1990s,0.5,,career timeline
Person,Tony Leung Chiu-wai,ACTIVE_IN_DECADE,Decade,2000s,0.5,,career timeline
Person,Tony Leung Chiu-wai,ACTIVE_IN_DECADE,Decade,2010s,0.5,,career timeline
Person,Tony Leung Chiu-wai,ACTIVE_IN_DECADE,Decade,2020s,0.5,,career timeline
Person,Andy Lau,MADE_IN_COUNTRY,Country,Hong Kong,1,,origin
Person,Andy Lau,ACTIVE_IN_DECADE,Decade,1980s,0.5,,career timeline
Person,Andy Lau,ACTIVE_IN_DECADE,Decade,1990s,0.5,,career timeline
Person,Andy Lau,ACTIVE_IN_DECADE,Decade,2000s,0.5,,career timeline
Person,Andy Lau,ACTIVE_IN_DECADE,Decade,2010s,0.5,,career timeline
Person,Andy Lau,ACTIVE_IN_DECADE,Decade,2020s,0.5,,career timeline
Person,Jackie Chan,MADE_IN_COUNTRY,Country,Hong Kong,1,,origin
Person,Jackie Chan,ACTIVE_IN_DECADE,Decade,1970s,0.5,,career timeline
Person,Jackie Chan,ACTIVE_IN_DECADE,Decade,1980s,0.5,,career timeline
Person,Jackie Chan,ACTIVE_IN_DECADE,Decade,1990s,0.5,,career timeline
Person,Jackie Chan,ACTIVE_IN_DECADE,Decade,2000s,0.5,,career timeline
Person,Jackie Chan,ACTIVE_IN_DECADE,Decade,2010s,0.5,,career timeline
Person,Jackie Chan,ACTIVE_IN_DECADE,Decade,2020s,0.5,,career timeline
Person,Jet Li,MADE_IN_COUNTRY,Country,China,1,,origin
Person,Jet Li,ACTIVE_IN_DECADE,Decade,1980s,0.5,,career timeline
Person,Jet Li,ACTIVE_IN_DECADE,Decade,1990s,0.5,,career timeline
Person,Jet Li,ACTIVE_IN_DECADE,Decade,2000s,0.5,,career timeline
Person,Jet Li,ACTIVE_IN_DECADE,Decade,2010s,0.5,,career timeline
Person,Donnie Yen,MADE_IN_COUNTRY,Country,Hong Kong,1,,origin
Person,Donnie Yen,ACTIVE_IN_DECADE,Decade,1990s,0.5,,career timeline
Person,Donnie Yen,ACTIVE_IN_DECADE,Decade,2000s,0.5,,career timeline
Person,Donnie Yen,ACTIVE_IN_DECADE,Decade,2010s,0.5,,career timeline
Person,Donnie Yen,ACTIVE_IN_DECADE,Decade,2020s,0.5,,career timeline
Person,Chow Yun-fat,MADE_IN_COUNTRY,Country,Hong Kong,1,,origin
Person,Chow Yun-fat,ACTIVE_IN_DECADE,Decade,1980s,0.5,,career timeline
Person,Chow Yun-fat,ACTIVE_IN_DECADE,Decade,1990s,0.5,,career timeline
Person,Chow Yun-fat,ACTIVE_IN_DECADE,Decade,2000s,0.5,,career timeline
Person,Chow Yun-fat,ACTIVE_IN_DECADE,Decade,2010s,0.5,,career timeline
Person,Chow Yun-fat,ACTIVE_IN_DECADE,Decade,2020s,0.5,,career timeline
Person,Zhou Xun,MADE_IN_COUNTRY,Country,China,1,,origin
Person,Zhou Xun,ACTIVE_IN_DECADE,Decade,1990s,0.5,,career timeline
Person,Zhou Xun,ACTIVE_IN_DECADE,Decade,2000s,0.5,,career timeline
Person,Zhou Xun,ACTIVE_IN_DECADE,Decade,2010s,0.5,,career timeline
Person,Zhou Xun,ACTIVE_IN_DECADE,Decade,2020s,0.5,,career timeline
Person,Fan Bingbing,MADE_IN_COUNTRY,Country,China,1,,origin
Person,Fan Bingbing,ACTIVE_IN_DECADE,Decade,1990s,0.5,,career timeline
Person,Fan Bingbing,ACTIVE_IN_DECADE,Decade,2000s,0.5,,career timeline
Person,Fan Bingbing,ACTIVE_IN_DECADE,Decade,2010s,0.5,,career timeline
Person,Fan Bingbing,ACTIVE_IN_DECADE,Decade,2020s,0.5,,career timeline
Person,Liu Yifei,MADE_IN_COUNTRY,Country,China,1,,origin
Person,Liu Yifei,ACTIVE_IN_DECADE,Decade,2000s,0.5,,career timeline
Person,Liu Yifei,ACTIVE_IN_DECADE,Decade,2010s,0.5,,career timeline
Person,Liu Yifei,ACTIVE_IN_DECADE,Decade,2020s,0.5,,career timeline
Person,Tang Wei,MADE_IN_COUNTRY,Country,China,1,,origin
Person,Tang Wei,ACTIVE_IN_DECADE,Decade,2000s,0.5,,career timeline
Person,Tang Wei,ACTIVE_IN_DECADE,Decade,2010s,0.5,,career timeline
Person,Tang Wei,ACTIVE_IN_DECADE,Decade,2020s,0.5,,career timeline
Person,Zhao Tao,MADE_IN_COUNTRY,Country,China,1,,origin
Person,Zhao Tao,ACTIVE_IN_DECADE,Decade,2000s,0.5,,career timeline
Person,Zhao Tao,ACTIVE_IN_DECADE,Decade,2010s,0.5,,career timeline
Person,Zhao Tao,ACTIVE_IN_DECADE,Decade,2020s,0.5,,career timeline
Person,Ge You,MADE_IN_COUNTRY,Country,China,1,,origin
Person,Ge You,ACTIVE_IN_DECADE,Decade,1980s,0.5,,career timeline
Person,Ge You,ACTIVE_IN_DECADE,Decade,1990s,0.5,,career timeline
Person,Ge You,ACTIVE_IN_DECADE,Decade,2000s,0.5,,career timeline
Person,Ge You,ACTIVE_IN_DECADE,Decade,2010s,0.5,,career timeline
Person,Ge You,ACTIVE_IN_DECADE,Decade,2020s,0.5,,career timeline
Person,Huang Bo,MADE_IN_COUNTRY,Country,China,1,,origin
Person,Huang Bo,ACTIVE_IN_DECADE,Decade,2000s,0.5,,career timeline
Person,Huang Bo,ACTIVE_IN_DECADE,Decade,2010s,0.5,,career timeline
Person,Huang Bo,ACTIVE_IN_DECADE,Decade,2020s,0.5,,career timeline
Person,Wang Baoqiang,MADE_IN_COUNTRY,Country,China,1,,origin
Person,Wang Baoqiang,ACTIVE_IN_DECADE,Decade,2000s,0.5,,career timeline
Person,Wang Baoqiang,ACTIVE_IN_DECADE,Decade,2010s,0.5,,career timeline
Person,Wang Baoqiang,ACTIVE_IN_DECADE,Decade,2020s,0.5,,career timeline
Person,Shen Teng,MADE_IN_COUNTRY,Country,China,1,,origin
Person,Shen Teng,ACTIVE_IN_DECADE,Decade,2010s,0.5,,career timeline
Person,Shen Teng,ACTIVE_IN_DECADE,Decade,2020s,0.5,,career timeline
Person,Wu Jing,MADE_IN_COUNTRY,Country,China,1,,origin
Person,Wu Jing,ACTIVE_IN_DECADE,Decade,2000s,0.5,,career timeline
Person,Wu Jing,ACTIVE_IN_DECADE,Decade,2010s,0.5,,career timeline
Person,Wu Jing,ACTIVE_IN_DECADE,Decade,2020s,0.5,,career timeline
Person,Jackson Yee,MADE_IN_COUNTRY,Country,China,1,,origin
Person,Jackson Yee,ACTIVE_IN_DECADE,Decade,2010s,0.5,,career timeline
Person,Jackson Yee,ACTIVE_IN_DECADE,Decade,2020s,0.5,,career timeline
Person,Lei Jiayin,MADE_IN_COUNTRY,Country,China,1,,origin
Person,Lei Jiayin,ACTIVE_IN_DECADE,Decade,2010s,0.5,,career timeline
Person,Lei Jiayin,ACTIVE_IN_DECADE,Decade,2020s,0.5,,career timeline
Person,Ma Li,MADE_IN_COUNTRY,Country,China,1,,origin
Person,Ma Li,ACTIVE_IN_DECADE,Decade,2010s,0.5,,career timeline
Person,Ma Li,ACTIVE_IN_DECADE,Decade,2020s,0.5,,career timeline
Person,Ni Ni,MADE_IN_COUNTRY,Country,China,1,,origin
Person,Ni Ni,ACTIVE_IN_DECADE,Decade,2010s,0.5,,career timeline
Person,Ni Ni,ACTIVE_IN_DECADE,Decade,2020s,0.5,,career timeline
Person,Shu Qi,MADE_IN_COUNTRY,Country,Taiwan,1,,origin
Person,Shu Qi,ACTIVE_IN_DECADE,Decade,1990s,0.5,,career timeline
Person,Shu Qi,ACTIVE_IN_DECADE,Decade,2000s,0.5,,career timeline
Person,Shu Qi,ACTIVE_IN_DECADE,Decade,2010s,0.5,,career timeline
Person,Shu Qi,ACTIVE_IN_DECADE,Decade,2020s,0.5,,career timeline
Person,Michelle Yeoh,MADE_IN_COUNTRY,Country,Malaysia,1,,origin
Person,Michelle Yeoh,ACTIVE_IN_DECADE,Decade,1980s,0.5,,career timeline
Person,Michelle Yeoh,ACTIVE_IN_DECADE,Decade,1990s,0.5,,career timeline
Person,Michelle Yeoh,ACTIVE_IN_DECADE,Decade,2000s,0.5,,career timeline
Person,Michelle Yeoh,ACTIVE_IN_DECADE,Decade,2010s,0.5,,career timeline
Person,Michelle Yeoh,ACTIVE_IN_DECADE,Decade,2020s,0.5,,career timeline
Person,Liu Haoran,MADE_IN_COUNTRY,Country,China,1,,origin
Person,Liu Haoran,ACTIVE_IN_DECADE,Decade,2010s,0.5,,career timeline
Person,Liu Haoran,ACTIVE_IN_DECADE,Decade,2020s,0.5,,career timeline
Person,Zhang Yi,MADE_IN_COUNTRY,Country,China,1,,origin
Person,Zhang Yi,ACTIVE_IN_DECADE,Decade,2000s,0.5,,career timeline
Person,Zhang Yi,ACTIVE_IN_DECADE,Decade,2010s,0.5,,career timeline
Person,Zhang Yi,ACTIVE_IN_DECADE,Decade,2020s,0.5,,career timeline
Person,Chen Kun,MADE_IN_COUNTRY,Country,China,1,,origin
Person,Chen Kun,ACTIVE_IN_DECADE,Decade,2000s,0.5,,career timeline
Person,Chen Kun,ACTIVE_IN_DECADE,Decade,2010s,0.5,,career timeline
Person,Chen Kun,ACTIVE_IN_DECADE,Decade,2020s,0.5,,career timeline
Person,Dilraba Dilmurat,MADE_IN_COUNTRY,Country,China,1,,origin
Person,Dilraba Dilmurat,ACTIVE_IN_DECADE,Decade,2010s,0.5,,career timeline
Person,Dilraba Dilmurat,ACTIVE_IN_DECADE,Decade,2020s,0.5,,career timeline
Person,Zhang Fengyi,MADE_IN_COUNTRY,Country,China,1,,origin
Person,Zhang Fengyi,ACTIVE_IN_DECADE,Decade,1980s,0.5,,career timeline
Person,Zhang Fengyi,ACTIVE_IN_DECADE,Decade,1990s,0.5,,career timeline
Person,Zhang Fengyi,ACTIVE_IN_DECADE,Decade,2000s,0.5,,career timeline
Person,Sihung Lung,MADE_IN_COUNTRY,Country,Taiwan,1,,origin
Person,Sihung Lung,ACTIVE_IN_DECADE,Decade,1980s,0.5,,career timeline
Person,Sihung Lung,ACTIVE_IN_DECADE,Decade,1990s,0.5,,career timeline
Person,Yang Kuei-mei,MADE_IN_COUNTRY,Country,Taiwan,1,,origin
Person,Yang Kuei-mei,ACTIVE_IN_DECADE,Decade,1990s,0.5,,career timeline
Person,Yang Kuei-mei,ACTIVE_IN_DECADE,Decade,2000s,0.5,,career timeline
Person,Yang Kuei-mei,ACTIVE_IN_DECADE,Decade,2010s,0.5,,career timeline
Person,Chien-lien Wu,MADE_IN_COUNTRY,Country,Taiwan,1,,origin
Person,Chien-lien Wu,ACTIVE_IN_DECADE,Decade,1980s,0.5,,career timeline
Person,Chien-lien Wu,ACTIVE_IN_DECADE,Decade,1990s,0.5,,career timeline
Person,Deng Chao,MADE_IN_COUNTRY,Country,China,1,,origin
Person,Deng Chao,ACTIVE_IN_DECADE,Decade,2000s,0.5,,career timeline
Person,Deng Chao,ACTIVE_IN_DECADE,Decade,2010s,0.5,,career timeline
Person,Deng Chao,ACTIVE_IN_DECADE,Decade,2020s,0.5,,career timeline
Person,Sun Li,MADE_IN_COUNTRY,Country,China,1,,origin
Person,Sun Li,ACTIVE_IN_DECADE,Decade,2000s,0.5,,career timeline
Person,Sun Li,ACTIVE_IN_DECADE,Decade,2010s,0.5,,career timeline
Person,Sun Li,ACTIVE_IN_DECADE,Decade,2020s,0.5,,career timeline
Person,Zheng Kai,MADE_IN_COUNTRY,Country,China,1,,origin
Person,Zheng Kai,ACTIVE_IN_DECADE,Decade,2010s,0.5,,career timeline
Person,Zheng Kai,ACTIVE_IN_DECADE,Decade,2020s,0.5,,career timeline
Person,Cecilia Cheung,MADE_IN_COUNTRY,Country,Hong Kong,1,,origin
Person,Cecilia Cheung,ACTIVE_IN_DECADE,Decade,1990s,0.5,,career timeline
Person,Cecilia Cheung,ACTIVE_IN_DECADE,Decade,2000s,0.5,,career timeline
Person,Cecilia Cheung,ACTIVE_IN_DECADE,Decade,2010s,0.5,,career timeline
Person,Jang Dong-gun,MADE_IN_COUNTRY,Country,South Korea,1,,origin
Person,Jang Dong-gun,ACTIVE_IN_DECADE,Decade,1990s,0.5,,career timeline
Person,Jang Dong-gun,ACTIVE_IN_DECADE,Decade,2000s,0.5,,career timeline
Person,Jang Dong-gun,ACTIVE_IN_DECADE,Decade,2010s,0.5,,career timeline
Person,Hiroyuki Sanada,MADE_IN_COUNTRY,Country,Japan,1,,origin
Person,Hiroyuki Sanada,ACTIVE_IN_DECADE,Decade,1980s,0.5,,career timeline
Person,Hiroyuki Sanada,ACTIVE_IN_DECADE,Decade,1990s,0.5,,career timeline
Person,Hiroyuki Sanada,ACTIVE_IN_DECADE,Decade,2000s,0.5,,career timeline
Person,Hiroyuki Sanada,ACTIVE_IN_DECADE,Decade,2010s,0.5,,career timeline
Person,Hiroyuki Sanada,ACTIVE_IN_DECADE,Decade,2020s,0.5,,career timeline
Person,Brigitte Lin,MADE_IN_COUNTRY,Country,Taiwan,1,,origin
Person,Brigitte Lin,ACTIVE_IN_DECADE,Decade,1980s,0.5,,career timeline
Person,Brigitte Lin,ACTIVE_IN_DECADE,Decade,1990s,0.5,,career timeline
Person,Faye Wong,MADE_IN_COUNTRY,Country,Hong Kong,1,,origin
Person,Faye Wong,ACTIVE_IN_DECADE,Decade,1990s,0.5,,career timeline
Person,Faye Wong,ACTIVE_IN_DECADE,Decade,2000s,0.5,,career timeline
Person,Faye Wong,ACTIVE_IN_DECADE,Decade,2010s,0.5,,career timeline
Person,Takeshi Kaneshiro,MADE_IN_COUNTRY,Country,Taiwan,1,,origin
Person,Takeshi Kaneshiro,ACTIVE_IN_DECADE,Decade,1990s,0.5,,career timeline
Person,Takeshi Kaneshiro,ACTIVE_IN_DECADE,Decade,2000s,0.5,,career timeline
Person,Takeshi Kaneshiro,ACTIVE_IN_DECADE,Decade,2010s,0.5,,career timeline
Person,Leon Lai,MADE_IN_COUNTRY,Country,Hong Kong,1,,origin
Person,Leon Lai,ACTIVE_IN_DECADE,Decade,1990s,0.5,,career timeline
Person,Leon Lai,ACTIVE_IN_DECADE,Decade,2000s,0.5,,career timeline
Person,Eric Tsang,MADE_IN_COUNTRY,Country,Hong Kong,1,,origin
Person,Eric Tsang,ACTIVE_IN_DECADE,Decade,1980s,0.5,,career timeline
Person,Eric Tsang,ACTIVE_IN_DECADE,Decade,1990s,0.5,,career timeline
Person,Eric Tsang,ACTIVE_IN_DECADE,Decade,2000s,0.5,,career timeline
Person,Eric Tsang,ACTIVE_IN_DECADE,Decade,2010s,0.5,,career timeline
Person,Eric Tsang,ACTIVE_IN_DECADE,Decade,2020s,0.5,,career timeline
Person,Miao Miao,MADE_IN_COUNTRY,Country,China,1,,origin
Person,Miao Miao,ACTIVE_IN_DECADE,Decade,2010s,0.5,,career timeline
Person,Miao Miao,ACTIVE_IN_DECADE,Decade,2020s,0.5,,career timeline
Person,Huang Xuan,MADE_IN_COUNTRY,Country,China,1,,origin
Person,Huang Xuan,ACTIVE_IN_DECADE,Decade,2010s,0.5,,career timeline
Person,Huang Xuan,ACTIVE_IN_DECADE,Decade,2020s,0.5,,career timeline
Person,Zhong Chuxi,MADE_IN_COUNTRY,Country,China,1,,origin
Person,Zhong Chuxi,ACTIVE_IN_DECADE,Decade,2010s,0.5,,career timeline
Person,Zhong Chuxi,ACTIVE_IN_DECADE,Decade,2020s,0.5,,career timeline
Person,Qin Hao,MADE_IN_COUNTRY,Country,China,1,,origin
Person,Qin Hao,ACTIVE_IN_DECADE,Decade,2000s,0.5,,career timeline
Person,Qin Hao,ACTIVE_IN_DECADE,Decade,2010s,0.5,,career timeline
Person,Qin Hao,ACTIVE_IN_DECADE,Decade,2020s,0.5,,career timeline
Person,Hao Lei,MADE_IN_COUNTRY,Country,China,1,,origin
Person,Hao Lei,ACTIVE_IN_DECADE,Decade,2000s,0.5,,career timeline
Person,Hao Lei,ACTIVE_IN_DECADE,Decade,2010s,0.5,,career timeline
Person,Hao Lei,ACTIVE_IN_DECADE,Decade,2020s,0.5,,career timeline
Person,Hu Ge,MADE_IN_COUNTRY,Country,China,1,,origin
Person,Hu Ge,ACTIVE_IN_DECADE,Decade,2000s,0.5,,career timeline
Person,Hu Ge,ACTIVE_IN_DECADE,Decade,2010s,0.5,,career timeline
Person,Hu Ge,ACTIVE_IN_DECADE,Decade,2020s,0.5,,career timeline
Person,Gwei Lun-mei,MADE_IN_COUNTRY,Country,Taiwan,1,,origin
Person,Gwei Lun-mei,ACTIVE_IN_DECADE,Decade,2000s,0.5,,career timeline
Person,Gwei Lun-mei,ACTIVE_IN_DECADE,Decade,2010s,0.5,,career timeline
Person,Gwei Lun-mei,ACTIVE_IN_DECADE,Decade,2020s,0.5,,career timeline
Person,Xu Fan,MADE_IN_COUNTRY,Country,China,1,,origin
Person,Xu Fan,ACTIVE_IN_DECADE,Decade,1990s,0.5,,career timeline
Person,Xu Fan,ACTIVE_IN_DECADE,Decade,2000s,0.5,,career timeline
Person,Xu Fan,ACTIVE_IN_DECADE,Decade,2010s,0.5,,career timeline
Person,Xu Fan,ACTIVE_IN_DECADE,Decade,2020s,0.5,,career timeline
Person,Chen Daoming,MADE_IN_COUNTRY,Country,China,1,,origin
Person,Chen Daoming,ACTIVE_IN_DECADE,Decade,1990s,0.5,,career timeline
Person,Chen Daoming,ACTIVE_IN_DECADE,Decade,2000s,0.5,,career timeline
Person,Chen Daoming,ACTIVE_IN_DECADE,Decade,2010s,0.5,,career timeline
Person,Chen Daoming,ACTIVE_IN_DECADE,Decade,2020s,0.5,,career timeline
Person,Zhang Jingchu,MADE_IN_COUNTRY,Country,China,1,,origin
Person,Zhang Jingchu,ACTIVE_IN_DECADE,Decade,2000s,0.5,,career timeline
Person,Zhang Jingchu,ACTIVE_IN_DECADE,Decade,2010s,0.5,,career timeline
Person,Zhang Jingchu,ACTIVE_IN_DECADE,Decade,2020s,0.5,,career timeline
Person,Zhang Guoli,MADE_IN_COUNTRY,Country,China,1,,origin
Person,Zhang Guoli,ACTIVE_IN_DECADE,Decade,1990s,0.5,,career timeline
Person,Zhang Guoli,ACTIVE_IN_DECADE,Decade,2000s,0.5,,career timeline
Person,Zhang Guoli,ACTIVE_IN_DECADE,Decade,2010s,0.5,,career timeline
Person,Zhang Guoli,ACTIVE_IN_DECADE,Decade,2020s,0.5,,career timeline
Person,Huang Jue,MADE_IN_COUNTRY,Country,China,1,,origin
Person,Huang Jue,ACTIVE_IN_DECADE,Decade,2000s,0.5,,career timeline
Person,Huang Jue,ACTIVE_IN_DECADE,Decade,2010s,0.5,,career timeline
Person,Huang Jue,ACTIVE_IN_DECADE,Decade,2020s,0.5,,career timeline
Person,Tong Dawei,MADE_IN_COUNTRY,Country,China,1,,origin
Person,Tong Dawei,ACTIVE_IN_DECADE,Decade,2000s,0.5,,career timeline
Person,Tong Dawei,ACTIVE_IN_DECADE,Decade,2010s,0.5,,career timeline
Person,Tong Dawei,ACTIVE_IN_DECADE,Decade,2020s,0.5,,career timeline
Person,Zhao Wei,MADE_IN_COUNTRY,Country,China,1,,origin
Person,Zhao Wei,ACTIVE_IN_DECADE,Decade,1990s,0.5,,career timeline
Person,Zhao Wei,ACTIVE_IN_DECADE,Decade,2000s,0.5,,career timeline
Person,Zhao Wei,ACTIVE_IN_DECADE,Decade,2010s,0.5,,career timeline
Person,Zhao Wei,ACTIVE_IN_DECADE,Decade,2020s,0.5,,career timeline
Person,Show Luo,MADE_IN_COUNTRY,Country,Taiwan,1,,origin
Person,Show Luo,ACTIVE_IN_DECADE,Decade,2000s,0.5,,career timeline
Person,Show Luo,ACTIVE_IN_DECADE,Decade,2010s,0.5,,career timeline
Person,Show Luo,ACTIVE_IN_DECADE,Decade,2020s,0.5,,career timeline
Person,Yuen Wah,MADE_IN_COUNTRY,Country,Hong Kong,1,,origin
Person,Yuen Wah,ACTIVE_IN_DECADE,Decade,1980s,0.5,,career timeline
Person,Yuen Wah,ACTIVE_IN_DECADE,Decade,1990s,0.5,,career timeline
Person,Yuen Wah,ACTIVE_IN_DECADE,Decade,2000s,0.5,,career timeline
Person,Yuen Wah,ACTIVE_IN_DECADE,Decade,2010s,0.5,,career timeline
Person,Yuen Wah,ACTIVE_IN_DECADE,Decade,2020s,0.5,,career timeline
Person,Huang Shengyi,MADE_IN_COUNTRY,Country,China,1,,origin
Person,Huang Shengyi,ACTIVE_IN_DECADE,Decade,2000s,0.5,,career timeline
Person,Huang Shengyi,ACTIVE_IN_DECADE,Decade,2010s,0.5,,career timeline
Person,Huang Shengyi,ACTIVE_IN_DECADE,Decade,2020s,0.5,,career timeline
Person,Ng Man-tat,MADE_IN_COUNTRY,Country,Hong Kong,1,,origin
Person,Ng Man-tat,ACTIVE_IN_DECADE,Decade,1980s,0.5,,career timeline
Person,Ng Man-tat,ACTIVE_IN_DECADE,Decade,1990s,0.5,,career timeline
Person,Ng Man-tat,ACTIVE_IN_DECADE,Decade,2000s,0.5,,career timeline
Person,Yuen Biao,MADE_IN_COUNTRY,Country,Hong Kong,1,,origin
Person,Yuen Biao,ACTIVE_IN_DECADE,Decade,1980s,0.5,,career timeline
Person,Yuen Biao,ACTIVE_IN_DECADE,Decade,1990s,0.5,,career timeline
Person,Yuen Biao,ACTIVE_IN_DECADE,Decade,2000s,0.5,,career timeline
Person,Rosamund Kwan,MADE_IN_COUNTRY,Country,Hong Kong,1,,origin
Person,Rosamund Kwan,ACTIVE_IN_DECADE,Decade,1980s,0.5,,career timeline
Person,Rosamund Kwan,ACTIVE_IN_DECADE,Decade,1990s,0.5,,career timeline
Person,Rosamund Kwan,ACTIVE_IN_DECADE,Decade,2000s,0.5,,career timeline
Person,Li Bingbing,MADE_IN_COUNTRY,Country,China,1,,origin
Person,Li Bingbing,ACTIVE_IN_DECADE,Decade,1990s,0.5,,career timeline
Person,Li Bingbing,ACTIVE_IN_DECADE,Decade,2000s,0.5,,career timeline
Person,Li Bingbing,ACTIVE_IN_DECADE,Decade,2010s,0.5,,career timeline
Person,Tony Leung Ka-fai,MADE_IN_COUNTRY,Country,Hong Kong,1,,origin
Person,Tony Leung Ka-fai,ACTIVE_IN_DECADE,Decade,1980s,0.5,,career timeline
Person,Tony Leung Ka-fai,ACTIVE_IN_DECADE,Decade,1990s,0.5,,career timeline
Person,Tony Leung Ka-fai,ACTIVE_IN_DECADE,Decade,2000s,0.5,,career timeline
Person,Tony Leung Ka-fai,ACTIVE_IN_DECADE,Decade,2010s,0.5,,career timeline
Person,Tony Leung Ka-fai,ACTIVE_IN_DECADE,Decade,2020s,0.5,,career timeline
Person,Qu Chuxiao,MADE_IN_COUNTRY,Country,China,1,,origin
Person,Qu Chuxiao,ACTIVE_IN_DECADE,Decade,2010s,0.5,,career timeline
Person,Qu Chuxiao,ACTIVE_IN_DECADE,Decade,2020s,0.5,,career timeline
Person,Li Guangjie,MADE_IN_COUNTRY,Country,China,1,,origin
Person,Li Guangjie,ACTIVE_IN_DECADE,Decade,2000s,0.5,,career timeline
Person,Li Guangjie,ACTIVE_IN_DECADE,Decade,2010s,0.5,,career timeline
Person,Li Guangjie,ACTIVE_IN_DECADE,Decade,2020s,0.5,,career timeline
Person,Liao Fan,MADE_IN_COUNTRY,Country,China,1,,origin
Person,Liao Fan,ACTIVE_IN_DECADE,Decade,2000s,0.5,,career timeline
Person,Liao Fan,ACTIVE_IN_DECADE,Decade,2010s,0.5,,career timeline
Person,Liao Fan,ACTIVE_IN_DECADE,Decade,2020s,0.5,,career timeline
Person,Zhu Yilong,MADE_IN_COUNTRY,Country,China,1,,origin
Person,Zhu Yilong,ACTIVE_IN_DECADE,Decade,2010s,0.5,,career timeline
Person,Zhu Yilong,ACTIVE_IN_DECADE,Decade,2020s,0.5,,career timeline
Person,Yu Nan,MADE_IN_COUNTRY,Country,China,1,,origin
Person,Yu Nan,ACTIVE_IN_DECADE,Decade,2000s,0.5,,career timeline
Person,Yu Nan,ACTIVE_IN_DECADE,Decade,2010s,0.5,,career timeline
Person,Yu Nan,ACTIVE_IN_DECADE,Decade,2020s,0.5,,career timeline
Person,Jiang Wu,MADE_IN_COUNTRY,Country,China,1,,origin
Person,Jiang Wu,ACTIVE_IN_DECADE,Decade,1990s,0.5,,career timeline
Person,Jiang Wu,ACTIVE_IN_DECADE,Decade,2000s,0.5,,career timeline
Person,Jiang Wu,ACTIVE_IN_DECADE,Decade,2010s,0.5,,career timeline
Person,Jiang Wu,ACTIVE_IN_DECADE,Decade,2020s,0.5,,career timeline
Person,Meryl Streep,MADE_IN_COUNTRY,Country,United States,1,,origin
Person,Meryl Streep,ACTIVE_IN_DECADE,Decade,1970s,0.5,,career timeline
Person,Meryl Streep,ACTIVE_IN_DECADE,Decade,1980s,0.5,,career timeline
Person,Meryl Streep,ACTIVE_IN_DECADE,Decade,1990s,0.5,,career timeline
Person,Meryl Streep,ACTIVE_IN_DECADE,Decade,2000s,0.5,,career timeline
Person,Meryl Streep,ACTIVE_IN_DECADE,Decade,2010s,0.5,,career timeline
Person,Meryl Streep,ACTIVE_IN_DECADE,Decade,2020s,0.5,,career timeline
Person,Leonardo DiCaprio,MADE_IN_COUNTRY,Country,United States,1,,origin
Person,Leonardo DiCaprio,ACTIVE_IN_DECADE,Decade,1990s,0.5,,career timeline
Person,Leonardo DiCaprio,ACTIVE_IN_DECADE,Decade,2000s,0.5,,career timeline
Person,Leonardo DiCaprio,ACTIVE_IN_DECADE,Decade,2010s,0.5,,career timeline
Person,Leonardo DiCaprio,ACTIVE_IN_DECADE,Decade,2020s,0.5,,career timeline
Person,Tom Hanks,MADE_IN_COUNTRY,Country,United States,1,,origin
Person,Tom Hanks,ACTIVE_IN_DECADE,Decade,1980s,0.5,,career timeline
Person,Tom Hanks,ACTIVE_IN_DECADE,Decade,1990s,0.5,,career timeline
Person,Tom Hanks,ACTIVE_IN_DECADE,Decade,2000s,0.5,,career timeline
Person,Tom Hanks,ACTIVE_IN_DECADE,Decade,2010s,0.5,,career timeline
Person,Tom Hanks,ACTIVE_IN_DECADE,Decade,2020s,0.5,,career timeline
Person,Denzel Washington,MADE_IN_COUNTRY,Country,United States,1,,origin
Person,Denzel Washington,ACTIVE_IN_DECADE,Decade,1980s,0.5,,career timeline
Person,Denzel Washington,ACTIVE_IN_DECADE,Decade,1990s,0.5,,career timeline
Person,Denzel Washington,ACTIVE_IN_DECADE,Decade,2000s,0.5,,career timeline
Person,Denzel Washington,ACTIVE_IN_DECADE,Decade,2010s,0.5,,career timeline
Person,Denzel Washington,ACTIVE_IN_DECADE,Decade,2020s,0.5,,career timeline
Person,Robert De Niro,MADE_IN_COUNTRY,Country,United States,1,,origin
Person,Robert De Niro,ACTIVE_IN_DECADE,Decade,1970s,0.5,,career timeline
Person,Robert De Niro,ACTIVE_IN_DECADE,Decade,1980s,0.5,,career timeline
Person,Robert De Niro,ACTIVE_IN_DECADE,Decade,1990s,0.5,,career timeline
Person,Robert De Niro,ACTIVE_IN_DECADE,Decade,2000s,0.5,,career timeline
Person,Robert De Niro,ACTIVE_IN_DECADE,Decade,2010s,0.5,,career timeline
Person,Robert De Niro,ACTIVE_IN_DECADE,Decade,2020s,0.5,,career timeline
Person,Al Pacino,MADE_IN_COUNTRY,Country,United States,1,,origin
Person,Al Pacino,ACTIVE_IN_DECADE,Decade,1970s,0.5,,career timeline
Person,Al Pacino,ACTIVE_IN_DECADE,Decade,1980s,0.5,,career timeline
Person,Al Pacino,ACTIVE_IN_DECADE,Decade,1990s,0.5,,career timeline
Person,Al Pacino,ACTIVE_IN_DECADE,Decade,2000s,0.5,,career timeline
Person,Al Pacino,ACTIVE_IN_DECADE,Decade,2010s,0.5,,career timeline
Person,Al Pacino,ACTIVE_IN_DECADE,Decade,2020s,0.5,,career timeline
Person,Brad Pitt,MADE_IN_COUNTRY,Country,United States,1,,origin
Person,Brad Pitt,ACTIVE_IN_DECADE,Decade,1990s,0.5,,career timeline
Person,Brad Pitt,ACTIVE_IN_DECADE,Decade,2000s,0.5,,career timeline
Person,Brad Pitt,ACTIVE_IN_DECADE,Decade,2010s,0.5,,career timeline
Person,Brad Pitt,ACTIVE_IN_DECADE,Decade,2020s,0.5,,career timeline
Person,George Clooney,MADE_IN_COUNTRY,Country,United States,1,,origin
Person,George Clooney,ACTIVE_IN_DECADE,Decade,1990s,0.5,,career timeline
Person,George Clooney,ACTIVE_IN_DECADE,Decade,2000s,0.5,,career timeline
Person,George Clooney,ACTIVE_IN_DECADE,Decade,2010s,0.5,,career timeline
Person,George Clooney,ACTIVE_IN_DECADE,Decade,2020s,0.5,,career timeline
Person,Viola Davis,MADE_IN_COUNTRY,Country,United States,1,,origin
Person,Viola Davis,ACTIVE_IN_DECADE,Decade,2000s,0.5,,career timeline
Person,Viola Davis,ACTIVE_IN_DECADE,Decade,2010s,0.5,,career timeline
Person,Viola Davis,ACTIVE_IN_DECADE,Decade,2020s,0.5,,career timeline
Person,Cate Blanchett,MADE_IN_COUNTRY,Country,Australia,1,,origin
Person,Cate Blanchett,ACTIVE_IN_DECADE,Decade,1990s,0.5,,career timeline
Person,Cate Blanchett,ACTIVE_IN_DECADE,Decade,2000s,0.5,,career timeline
Person,Cate Blanchett,ACTIVE_IN_DECADE,Decade,2010s,0.5,,career timeline
Person,Cate Blanchett,ACTIVE_IN_DECADE,Decade,2020s,0.5,,career timeline
Person,Natalie Portman,MADE_IN_COUNTRY,Country,United States,1,,origin
Person,Natalie Portman,ACTIVE_IN_DECADE,Decade,1990s,0.5,,career timeline
Person,Natalie Portman,ACTIVE_IN_DECADE,Decade,2000s,0.5,,career timeline
Person,Natalie Portman,ACTIVE_IN_DECADE,Decade,2010s,0.5,,career timeline
Person,Natalie Portman,ACTIVE_IN_DECADE,Decade,2020s,0.5,,career timeline
Person,Scarlett Johansson,MADE_IN_COUNTRY,Country,United States,1,,origin
Person,Scarlett Johansson,ACTIVE_IN_DECADE,Decade,2000s,0.5,,career timeline
Person,Scarlett Johansson,ACTIVE_IN_DECADE,Decade,2010s,0.5,,career timeline
Person,Scarlett Johansson,ACTIVE_IN_DECADE,Decade,2020s,0.5,,career timeline
Person,Emma Stone,MADE_IN_COUNTRY,Country,United States,1,,origin
Person,Emma Stone,ACTIVE_IN_DECADE,Decade,2000s,0.5,,career timeline
Person,Emma Stone,ACTIVE_IN_DECADE,Decade,2010s,0.5,,career timeline
Person,Emma Stone,ACTIVE_IN_DECADE,Decade,2020s,0.5,,career timeline
Person,Ryan Gosling,MADE_IN_COUNTRY,Country,Canada,1,,origin
Person,Ryan Gosling,ACTIVE_IN_DECADE,Decade,1990s,0.5,,career timeline
Person,Ryan Gosling,ACTIVE_IN_DECADE,Decade,2000s,0.5,,career timeline
Person,Ryan Gosling,ACTIVE_IN_DECADE,Decade,2010s,0.5,,career timeline
Person,Ryan Gosling,ACTIVE_IN_DECADE,Decade,2020s,0.5,,career timeline
Person,Margot Robbie,MADE_IN_COUNTRY,Country,Australia,1,,origin
Person,Margot Robbie,ACTIVE_IN_DECADE,Decade,2010s,0.5,,career timeline
Person,Margot Robbie,ACTIVE_IN_DECADE,Decade,2020s,0.5,,career timeline
Person,Jennifer Lawrence,MADE_IN_COUNTRY,Country,United States,1,,origin
Person,Jennifer Lawrence,ACTIVE_IN_DECADE,Decade,2010s,0.5,,career timeline
Person,Jennifer Lawrence,ACTIVE_IN_DECADE,Decade,2020s,0.5,,career timeline
Person,Joaquin Phoenix,MADE_IN_COUNTRY,Country,United States,1,,origin
Person,Joaquin Phoenix,ACTIVE_IN_DECADE,Decade,1990s,0.5,,career timeline
Person,Joaquin Phoenix,ACTIVE_IN_DECADE,Decade,2000s,0.5,,career timeline
Person,Joaquin Phoenix,ACTIVE_IN_DECADE,Decade,2010s,0.5,,career timeline
Person,Joaquin Phoenix,ACTIVE_IN_DECADE,Decade,2020s,0.5,,career timeline
Person,Christian Bale,MADE_IN_COUNTRY,Country,United Kingdom,1,,origin
Person,Christian Bale,ACTIVE_IN_DECADE,Decade,1990s,0.5,,career timeline
Person,Christian Bale,ACTIVE_IN_DECADE,Decade,2000s,0.5,,career timeline
Person,Christian Bale,ACTIVE_IN_DECADE,Decade,2010s,0.5,,career timeline
Person,Christian Bale,ACTIVE_IN_DECADE,Decade,2020s,0.5,,career timeline
Person,Robert Downey Jr.,MADE_IN_COUNTRY,Country,United States,1,,origin
Person,Robert Downey Jr.,ACTIVE_IN_DECADE,Decade,1980s,0.5,,career timeline
Person,Robert Downey Jr.,ACTIVE_IN_DECADE,Decade,1990s,0.5,,career timeline
Person,Robert Downey Jr.,ACTIVE_IN_DECADE,Decade,2000s,0.5,,career timeline
Person,Robert Downey Jr.,ACTIVE_IN_DECADE,Decade,2010s,0.5,,career timeline
Person,Robert Downey Jr.,ACTIVE_IN_DECADE,Decade,2020s,0.5,,career timeline
Person,Samuel L. Jackson,MADE_IN_COUNTRY,Country,United States,1,,origin
Person,Samuel L. Jackson,ACTIVE_IN_DECADE,Decade,1980s,0.5,,career timeline
Person,Samuel L. Jackson,ACTIVE_IN_DECADE,Decade,1990s,0.5,,career timeline
Person,Samuel L. Jackson,ACTIVE_IN_DECADE,Decade,2000s,0.5,,career timeline
Person,Samuel L. Jackson,ACTIVE_IN_DECADE,Decade,2010s,0.5,,career timeline
Person,Samuel L. Jackson,ACTIVE_IN_DECADE,Decade,2020s,0.5,,career timeline
Person,Zendaya,MADE_IN_COUNTRY,Country,United States,1,,origin
Person,Zendaya,ACTIVE_IN_DECADE,Decade,2010s,0.5,,career timeline
Person,Zendaya,ACTIVE_IN_DECADE,Decade,2020s,0.5,,career timeline
Person,Timothée Chalamet,MADE_IN_COUNTRY,Country,United States,1,,origin
Person,Timothée Chalamet,ACTIVE_IN_DECADE,Decade,2010s,0.5,,career timeline
Person,Timothée Chalamet,ACTIVE_IN_DECADE,Decade,2020s,0.5,,career timeline
Person,Florence Pugh,MADE_IN_COUNTRY,Country,United Kingdom,1,,origin
Person,Florence Pugh,ACTIVE_IN_DECADE,Decade,2010s,0.5,,career timeline
Person,Florence Pugh,ACTIVE_IN_DECADE,Decade,2020s,0.5,,career timeline
Person,Matt Damon,MADE_IN_COUNTRY,Country,United States,1,,origin
Person,Matt Damon,ACTIVE_IN_DECADE,Decade,1990s,0.5,,career timeline
Person,Matt Damon,ACTIVE_IN_DECADE,Decade,2000s,0.5,,career timeline
Person,Matt Damon,ACTIVE_IN_DECADE,Decade,2010s,0.5,,career timeline
Person,Matt Damon,ACTIVE_IN_DECADE,Decade,2020s,0.5,,career timeline
Person,Anne Hathaway,MADE_IN_COUNTRY,Country,United States,1,,origin
Person,Anne Hathaway,ACTIVE_IN_DECADE,Decade,2000s,0.5,,career timeline
Person,Anne Hathaway,ACTIVE_IN_DECADE,Decade,2010s,0.5,,career timeline
Person,Anne Hathaway,ACTIVE_IN_DECADE,Decade,2020s,0.5,,career timeline
Person,Cillian Murphy,MADE_IN_COUNTRY,Country,Ireland,1,,origin
Person,Cillian Murphy,ACTIVE_IN_DECADE,Decade,2000s,0.5,,career timeline
Person,Cillian Murphy,ACTIVE_IN_DECADE,Decade,2010s,0.5,,career timeline
Person,Cillian Murphy,ACTIVE_IN_DECADE,Decade,2020s,0.5,,career timeline
Person,Lupita Nyong'o,MADE_IN_COUNTRY,Country,Kenya,1,,origin
Person,Lupita Nyong'o,ACTIVE_IN_DECADE,Decade,2010s,0.5,,career timeline
Person,Lupita Nyong'o,ACTIVE_IN_DECADE,Decade,2020s,0.5,,career timeline
Person,Mahershala Ali,MADE_IN_COUNTRY,Country,United States,1,,origin
Person,Mahershala Ali,ACTIVE_IN_DECADE,Decade,2010s,0.5,,career timeline
Person,Mahershala Ali,ACTIVE_IN_DECADE,Decade,2020s,0.5,,career timeline
Person,Michael B. Jordan,MADE_IN_COUNTRY,Country,United States,1,,origin
Person,Michael B. Jordan,ACTIVE_IN_DECADE,Decade,2010s,0.5,,career timeline
Person,Michael B. Jordan,ACTIVE_IN_DECADE,Decade,2020s,0.5,,career timeline
Person,Daniel Kaluuya,MADE_IN_COUNTRY,Country,United Kingdom,1,,origin
Person,Daniel Kaluuya,ACTIVE_IN_DECADE,Decade,2010s,0.5,,career timeline
Person,Daniel Kaluuya,ACTIVE_IN_DECADE,Decade,2020s,0.5,,career timeline
Person,Toni Collette,MADE_IN_COUNTRY,Country,Australia,1,,origin
Person,Toni Collette,ACTIVE_IN_DECADE,Decade,1990s,0.5,,career timeline
Person,Toni Collette,ACTIVE_IN_DECADE,Decade,2000s,0.5,,career timeline
Person,Toni Collette,ACTIVE_IN_DECADE,Decade,2010s,0.5,,career timeline
Person,Toni Collette,ACTIVE_IN_DECADE,Decade,2020s,0.5,,career timeline
Person,Allison Williams,MADE_IN_COUNTRY,Country,United States,1,,origin
Person,Allison Williams,ACTIVE_IN_DECADE,Decade,2010s,0.5,,career timeline
Person,Allison Williams,ACTIVE_IN_DECADE,Decade,2020s,0.5,,career timeline
Person,Trevante Rhodes,MADE_IN_COUNTRY,Country,United States,1,,origin
Person,Trevante Rhodes,ACTIVE_IN_DECADE,Decade,2010s,0.5,,career timeline
Person,Trevante Rhodes,ACTIVE_IN_DECADE,Decade,2020s,0.5,,career timeline
Person,Naomie Harris,MADE_IN_COUNTRY,Country,United Kingdom,1,,origin
Person,Naomie Harris,ACTIVE_IN_DECADE,Decade,2000s,0.5,,career timeline
Person,Naomie Harris,ACTIVE_IN_DECADE,Decade,2010s,0.5,,career timeline
Person,Naomie Harris,ACTIVE_IN_DECADE,Decade,2020s,0.5,,career timeline
Person,Jesse Eisenberg,MADE_IN_COUNTRY,Country,United States,1,,origin
Person,Jesse Eisenberg,ACTIVE_IN_DECADE,Decade,2000s,0.5,,career timeline
Person,Jesse Eisenberg,ACTIVE_IN_DECADE,Decade,2010s,0.5,,career timeline
Person,Jesse Eisenberg,ACTIVE_IN_DECADE,Decade,2020s,0.5,,career timeline
Person,Andrew Garfield,MADE_IN_COUNTRY,Country,United States,1,,origin
Person,Andrew Garfield,ACTIVE_IN_DECADE,Decade,2010s,0.5,,career timeline
Person,Andrew Garfield,ACTIVE_IN_DECADE,Decade,2020s,0.5,,career timeline
Person,Ben Affleck,MADE_IN_COUNTRY,Country,United States,1,,origin
Person,Ben Affleck,ACTIVE_IN_DECADE,Decade,1990s,0.5,,career timeline
Person,Ben Affleck,ACTIVE_IN_DECADE,Decade,2000s,0.5,,career timeline
Person,Ben Affleck,ACTIVE_IN_DECADE,Decade,2010s,0.5,,career timeline
Person,Ben Affleck,ACTIVE_IN_DECADE,Decade,2020s,0.5,,career timeline
Person,Rosamund Pike,MADE_IN_COUNTRY,Country,United Kingdom,1,,origin
Person,Rosamund Pike,ACTIVE_IN_DECADE,Decade,2000s,0.5,,career timeline
Person,Rosamund Pike,ACTIVE_IN_DECADE,Decade,2010s,0.5,,career timeline
Person,Rosamund Pike,ACTIVE_IN_DECADE,Decade,2020s,0.5,,career timeline
Person,Ralph Fiennes,MADE_IN_COUNTRY,Country,United Kingdom,1,,origin
Person,Ralph Fiennes,ACTIVE_IN_DECADE,Decade,1990s,0.5,,career timeline
Person,Ralph Fiennes,ACTIVE_IN_DECADE,Decade,2000s,0.5,,career timeline
Person,Ralph Fiennes,ACTIVE_IN_DECADE,Decade,2010s,0.5,,career timeline
Person,Ralph Fiennes,ACTIVE_IN_DECADE,Decade,2020s,0.5,,career timeline
Person,Saoirse Ronan,MADE_IN_COUNTRY,Country,Ireland,1,,origin
Person,Saoirse Ronan,ACTIVE_IN_DECADE,Decade,2000s,0.5,,career timeline
Person,Saoirse Ronan,ACTIVE_IN_DECADE,Decade,2010s,0.5,,career timeline
Person,Saoirse Ronan,ACTIVE_IN_DECADE,Decade,2020s,0.5,,career timeline
Person,Amy Adams,MADE_IN_COUNTRY,Country,United States,1,,origin
Person,Amy Adams,ACTIVE_IN_DECADE,Decade,2000s,0.5,,career timeline
Person,Amy Adams,ACTIVE_IN_DECADE,Decade,2010s,0.5,,career timeline
Person,Amy Adams,ACTIVE_IN_DECADE,Decade,2020s,0.5,,career timeline
Person,Rebecca Ferguson,MADE_IN_COUNTRY,Country,Sweden,1,,origin
Person,Rebecca Ferguson,ACTIVE_IN_DECADE,Decade,2010s,0.5,,career timeline
Person,Rebecca Ferguson,ACTIVE_IN_DECADE,Decade,2020s,0.5,,career timeline
Person,Bill Murray,MADE_IN_COUNTRY,Country,United States,1,,origin
Person,Bill Murray,ACTIVE_IN_DECADE,Decade,1980s,0.5,,career timeline
Person,Bill Murray,ACTIVE_IN_DECADE,Decade,1990s,0.5,,career timeline
Person,Bill Murray,ACTIVE_IN_DECADE,Decade,2000s,0.5,,career timeline
Person,Bill Murray,ACTIVE_IN_DECADE,Decade,2010s,0.5,,career timeline
Person,Bill Murray,ACTIVE_IN_DECADE,Decade,2020s,0.5,,career timeline
Person,Jeremy Renner,MADE_IN_COUNTRY,Country,United States,1,,origin
Person,Jeremy Renner,ACTIVE_IN_DECADE,Decade,2000s,0.5,,career timeline
Person,Jeremy Renner,ACTIVE_IN_DECADE,Decade,2010s,0.5,,career timeline
Person,Jeremy Renner,ACTIVE_IN_DECADE,Decade,2020s,0.5,,career timeline
Person,Anthony Mackie,MADE_IN_COUNTRY,Country,United States,1,,origin
Person,Anthony Mackie,ACTIVE_IN_DECADE,Decade,2000s,0.5,,career timeline
Person,Anthony Mackie,ACTIVE_IN_DECADE,Decade,2010s,0.5,,career timeline
Person,Anthony Mackie,ACTIVE_IN_DECADE,Decade,2020s,0.5,,career timeline
Person,Octavia Spencer,MADE_IN_COUNTRY,Country,United States,1,,origin
Person,Octavia Spencer,ACTIVE_IN_DECADE,Decade,2000s,0.5,,career timeline
Person,Octavia Spencer,ACTIVE_IN_DECADE,Decade,2010s,0.5,,career timeline
Person,Octavia Spencer,ACTIVE_IN_DECADE,Decade,2020s,0.5,,career timeline
Person,Taraji P. Henson,MADE_IN_COUNTRY,Country,United States,1,,origin
Person,Taraji P. Henson,ACTIVE_IN_DECADE,Decade,2000s,0.5,,career timeline
Person,Taraji P. Henson,ACTIVE_IN_DECADE,Decade,2010s,0.5,,career timeline
Person,Taraji P. Henson,ACTIVE_IN_DECADE,Decade,2020s,0.5,,career timeline
Person,Constance Wu,MADE_IN_COUNTRY,Country,United States,1,,origin
Person,Constance Wu,ACTIVE_IN_DECADE,Decade,2010s,0.5,,career timeline
Person,Constance Wu,ACTIVE_IN_DECADE,Decade,2020s,0.5,,career timeline
Person,Henry Golding,MADE_IN_COUNTRY,Country,Malaysia,1,,origin
Person,Henry Golding,ACTIVE_IN_DECADE,Decade,2010s,0.5,,career timeline
Person,Henry Golding,ACTIVE_IN_DECADE,Decade,2020s,0.5,,career timeline
Person,Awkwafina,MADE_IN_COUNTRY,Country,United States,1,,origin
Person,Awkwafina,ACTIVE_IN_DECADE,Decade,2010s,0.5,,career timeline
Person,Awkwafina,ACTIVE_IN_DECADE,Decade,2020s,0.5,,career timeline
Person,Simu Liu,MADE_IN_COUNTRY,Country,Canada,1,,origin
Person,Simu Liu,ACTIVE_IN_DECADE,Decade,2010s,0.5,,career timeline
Person,Simu Liu,ACTIVE_IN_DECADE,Decade,2020s,0.5,,career timeline
Person,Stephanie Hsu,MADE_IN_COUNTRY,Country,United States,1,,origin
Person,Stephanie Hsu,ACTIVE_IN_DECADE,Decade,2010s,0.5,,career timeline
Person,Stephanie Hsu,ACTIVE_IN_DECADE,Decade,2020s,0.5,,career timeline
Person,Ke Huy Quan,MADE_IN_COUNTRY,Country,Vietnam,1,,origin
Person,Ke Huy Quan,ACTIVE_IN_DECADE,Decade,1980s,0.5,,career timeline
Person,Ke Huy Quan,ACTIVE_IN_DECADE,Decade,2020s,0.5,,career timeline
Person,Zhao Shuzhen,MADE_IN_COUNTRY,Country,China,1,,origin
Person,Zhao Shuzhen,ACTIVE_IN_DECADE,Decade,1980s,0.5,,career timeline
Person,Zhao Shuzhen,ACTIVE_IN_DECADE,Decade,1990s,0.5,,career timeline
Person,Zhao Shuzhen,ACTIVE_IN_DECADE,Decade,2000s,0.5,,career timeline
Person,Zhao Shuzhen,ACTIVE_IN_DECADE,Decade,2010s,0.5,,career timeline
Person,Zhao Shuzhen,ACTIVE_IN_DECADE,Decade,2020s,0.5,,career timeline
Person,Tzi Ma,MADE_IN_COUNTRY,Country,Hong Kong,1,,origin
Person,Tzi Ma,ACTIVE_IN_DECADE,Decade,1980s,0.5,,career timeline
Person,Tzi Ma,ACTIVE_IN_DECADE,Decade,1990s,0.5,,career timeline
Person,Tzi Ma,ACTIVE_IN_DECADE,Decade,2000s,0.5,,career timeline
Person,Tzi Ma,ACTIVE_IN_DECADE,Decade,2010s,0.5,,career timeline
Person,Tzi Ma,ACTIVE_IN_DECADE,Decade,2020s,0.5,,career timeline
Person,Steven Yeun,MADE_IN_COUNTRY,Country,United States,1,,origin
Person,Steven Yeun,ACTIVE_IN_DECADE,Decade,2010s,0.5,,career timeline
Person,Steven Yeun,ACTIVE_IN_DECADE,Decade,2020s,0.5,,career timeline
Person,Youn Yuh-jung,MADE_IN_COUNTRY,Country,South Korea,1,,origin
Person,Youn Yuh-jung,ACTIVE_IN_DECADE,Decade,1970s,0.5,,career timeline
Person,Youn Yuh-jung,ACTIVE_IN_DECADE,Decade,1980s,0.5,,career timeline
Person,Youn Yuh-jung,ACTIVE_IN_DECADE,Decade,1990s,0.5,,career timeline
Person,Youn Yuh-jung,ACTIVE_IN_DECADE,Decade,2000s,0.5,,career timeline
Person,Youn Yuh-jung,ACTIVE_IN_DECADE,Decade,2010s,0.5,,career timeline
Person,Youn Yuh-jung,ACTIVE_IN_DECADE,Decade,2020s,0.5,,career timeline
Person,Frances McDormand,MADE_IN_COUNTRY,Country,United States,1,,origin
Person,Frances McDormand,ACTIVE_IN_DECADE,Decade,1980s,0.5,,career timeline
Person,Frances McDormand,ACTIVE_IN_DECADE,Decade,1990s,0.5,,career timeline
Person,Frances McDormand,ACTIVE_IN_DECADE,Decade,2000s,0.5,,career timeline
Person,Frances McDormand,ACTIVE_IN_DECADE,Decade,2010s,0.5,,career timeline
Person,Frances McDormand,ACTIVE_IN_DECADE,Decade,2020s,0.5,,career timeline
Person,David Strathairn,MADE_IN_COUNTRY,Country,United States,1,,origin
Person,David Strathairn,ACTIVE_IN_DECADE,Decade,1980s,0.5,,career timeline
Person,David Strathairn,ACTIVE_IN_DECADE,Decade,1990s,0.5,,career timeline
Person,David Strathairn,ACTIVE_IN_DECADE,Decade,2000s,0.5,,career timeline
Person,David Strathairn,ACTIVE_IN_DECADE,Decade,2010s,0.5,,career timeline
Person,David Strathairn,ACTIVE_IN_DECADE,Decade,2020s,0.5,,career timeline
Person,Sigourney Weaver,MADE_IN_COUNTRY,Country,United States,1,,origin
Person,Sigourney Weaver,ACTIVE_IN_DECADE,Decade,1970s,0.5,,career timeline
Person,Sigourney Weaver,ACTIVE_IN_DECADE,Decade,1980s,0.5,,career timeline
Person,Sigourney Weaver,ACTIVE_IN_DECADE,Decade,1990s,0.5,,career timeline
Person,Sigourney Weaver,ACTIVE_IN_DECADE,Decade,2000s,0.5,,career timeline
Person,Sigourney Weaver,ACTIVE_IN_DECADE,Decade,2010s,0.5,,career timeline
Person,Sigourney Weaver,ACTIVE_IN_DECADE,Decade,2020s,0.5,,career timeline
Person,Billy Zane,MADE_IN_COUNTRY,Country,United States,1,,origin
Person,Billy Zane,ACTIVE_IN_DECADE,Decade,1990s,0.5,,career timeline
Person,Billy Zane,ACTIVE_IN_DECADE,Decade,2000s,0.5,,career timeline
Person,Billy Zane,ACTIVE_IN_DECADE,Decade,2010s,0.5,,career timeline
Person,Billy Zane,ACTIVE_IN_DECADE,Decade,2020s,0.5,,career timeline
Person,Mark Hamill,MADE_IN_COUNTRY,Country,United States,1,,origin
Person,Mark Hamill,ACTIVE_IN_DECADE,Decade,1970s,0.5,,career timeline
Person,Mark Hamill,ACTIVE_IN_DECADE,Decade,1980s,0.5,,career timeline
Person,Mark Hamill,ACTIVE_IN_DECADE,Decade,1990s,0.5,,career timeline
Person,Mark Hamill,ACTIVE_IN_DECADE,Decade,2000s,0.5,,career timeline
Person,Mark Hamill,ACTIVE_IN_DECADE,Decade,2010s,0.5,,career timeline
Person,Mark Hamill,ACTIVE_IN_DECADE,Decade,2020s,0.5,,career timeline
Person,Carrie Fisher,MADE_IN_COUNTRY,Country,United States,1,,origin
Person,Carrie Fisher,ACTIVE_IN_DECADE,Decade,1970s,0.5,,career timeline
Person,Carrie Fisher,ACTIVE_IN_DECADE,Decade,1980s,0.5,,career timeline
Person,Carrie Fisher,ACTIVE_IN_DECADE,Decade,1990s,0.5,,career timeline
Person,Carrie Fisher,ACTIVE_IN_DECADE,Decade,2000s,0.5,,career timeline
Person,Carrie Fisher,ACTIVE_IN_DECADE,Decade,2010s,0.5,,career timeline
Person,Matthew McConaughey,MADE_IN_COUNTRY,Country,United States,1,,origin
Person,Matthew McConaughey,ACTIVE_IN_DECADE,Decade,1990s,0.5,,career timeline
Person,Matthew McConaughey,ACTIVE_IN_DECADE,Decade,2000s,0.5,,career timeline
Person,Matthew McConaughey,ACTIVE_IN_DECADE,Decade,2010s,0.5,,career timeline
Person,Matthew McConaughey,ACTIVE_IN_DECADE,Decade,2020s,0.5,,career timeline
Person,Jessica Chastain,MADE_IN_COUNTRY,Country,United States,1,,origin
Person,Jessica Chastain,ACTIVE_IN_DECADE,Decade,2000s,0.5,,career timeline
Person,Jessica Chastain,ACTIVE_IN_DECADE,Decade,2010s,0.5,,career timeline
Person,Jessica Chastain,ACTIVE_IN_DECADE,Decade,2020s,0.5,,career timeline
Person,Chadwick Boseman,MADE_IN_COUNTRY,Country,United States,1,,origin
Person,Chadwick Boseman,ACTIVE_IN_DECADE,Decade,2000s,0.5,,career timeline
Person,Chadwick Boseman,ACTIVE_IN_DECADE,Decade,2010s,0.5,,career timeline
Person,Chadwick Boseman,ACTIVE_IN_DECADE,Decade,2020s,0.5,,career timeline
Person,Michael Keaton,MADE_IN_COUNTRY,Country,United States,1,,origin
Person,Michael Keaton,ACTIVE_IN_DECADE,Decade,1980s,0.5,,career timeline
Person,Michael Keaton,ACTIVE_IN_DECADE,Decade,1990s,0.5,,career timeline
Person,Michael Keaton,ACTIVE_IN_DECADE,Decade,2000s,0.5,,career timeline
Person,Michael Keaton,ACTIVE_IN_DECADE,Decade,2010s,0.5,,career timeline
Person,Michael Keaton,ACTIVE_IN_DECADE,Decade,2020s,0.5,,career timeline
Film,Red Sorghum,RELEASED_IN,Country,China,1,1987,release geography
Film,Red Sorghum,BELONGS_TO_GENRE,Genre,Drama,1,1987,genre tag
Film,Red Sorghum,BELONGS_TO_GENRE,Genre,Historical,1,1987,genre tag
Film,Red Sorghum,HAS_THEME,Theme,memory,1,1987,theme tag
Film,Red Sorghum,HAS_THEME,Theme,resistance,1,1987,theme tag
Film,Red Sorghum,HAS_THEME,Theme,rural life,1,1987,theme tag
Film,Red Sorghum,USES_LANGUAGE,Language,Mandarin,1,1987,language
Film,Red Sorghum,MARKET_TYPE,AudienceSegment,domestic,1,1987,market label
Film,Red Sorghum,DISTRIBUTED_ON,Platform,Theatrical,1,1987,distribution
Film,Red Sorghum,DISTRIBUTED_ON,Platform,Criterion Channel,1,1987,distribution
Film,Red Sorghum,ASSOCIATED_WITH_AWARD,Award,Berlin Golden Bear,1,1987,award mention
Film,Red Sorghum,DIRECTED_BY,Person,Zhang Yimou,2,1987,director
Film,Red Sorghum,ACTED_IN,Person,Gong Li,1.5,1987,principal cast
Film,Red Sorghum,APPEALS_TO,AudienceSegment,Mainstream audience,1,1987,audience segment
Film,Raise the Red Lantern,RELEASED_IN,Country,China,1,1991,release geography
Film,Raise the Red Lantern,BELONGS_TO_GENRE,Genre,Drama,1,1991,genre tag
Film,Raise the Red Lantern,BELONGS_TO_GENRE,Genre,Historical,1,1991,genre tag
Film,Raise the Red Lantern,HAS_THEME,Theme,patriarchy,1,1991,theme tag
Film,Raise the Red Lantern,HAS_THEME,Theme,power,1,1991,theme tag
Film,Raise the Red Lantern,HAS_THEME,Theme,ritual,1,1991,theme tag
Film,Raise the Red Lantern,USES_LANGUAGE,Language,Mandarin,1,1991,language
Film,Raise the Red Lantern,MARKET_TYPE,AudienceSegment,festival,1,1991,market label
Film,Raise the Red Lantern,DISTRIBUTED_ON,Platform,Theatrical,1,1991,distribution
Film,Raise the Red Lantern,DISTRIBUTED_ON,Platform,Criterion Channel,1,1991,distribution
Film,Raise the Red Lantern,ASSOCIATED_WITH_AWARD,Award,Venice Silver Lion,1,1991,award mention
Film,Raise the Red Lantern,DIRECTED_BY,Person,Zhang Yimou,2,1991,director
Film,Raise the Red Lantern,ACTED_IN,Person,Gong Li,1.5,1991,principal cast
Film,Raise the Red Lantern,ACTED_IN,Person,He Caifei,1.5,1991,principal cast
Film,Raise the Red Lantern,APPEALS_TO,AudienceSegment,Prestige-drama audience,1,1991,audience segment
Person,Gong Li,COLLABORATED_WITH,Person,He Caifei,0.7,1991,Raise the Red Lantern
Person,He Caifei,COLLABORATED_WITH,Person,Gong Li,0.7,1991,Raise the Red Lantern
Film,The Story of Qiu Ju,RELEASED_IN,Country,China,1,1992,release geography
Film,The Story of Qiu Ju,BELONGS_TO_GENRE,Genre,Drama,1,1992,genre tag
Film,The Story of Qiu Ju,BELONGS_TO_GENRE,Genre,Social Realism,1,1992,genre tag
Film,The Story of Qiu Ju,HAS_THEME,Theme,justice,1,1992,theme tag
Film,The Story of Qiu Ju,HAS_THEME,Theme,bureaucracy,1,1992,theme tag
Film,The Story of Qiu Ju,HAS_THEME,Theme,ordinary life,1,1992,theme tag
Film,The Story of Qiu Ju,USES_LANGUAGE,Language,Mandarin,1,1992,language
Film,The Story of Qiu Ju,MARKET_TYPE,AudienceSegment,festival,1,1992,market label
Film,The Story of Qiu Ju,DISTRIBUTED_ON,Platform,Theatrical,1,1992,distribution
Film,The Story of Qiu Ju,DISTRIBUTED_ON,Platform,Criterion Channel,1,1992,distribution
Film,The Story of Qiu Ju,ASSOCIATED_WITH_AWARD,Award,Venice Golden Lion,1,1992,award mention
Film,The Story of Qiu Ju,DIRECTED_BY,Person,Zhang Yimou,2,1992,director
Film,The Story of Qiu Ju,ACTED_IN,Person,Gong Li,1.5,1992,principal cast
Film,The Story of Qiu Ju,APPEALS_TO,AudienceSegment,Prestige-drama audience,1,1992,audience segment
Film,Farewell My Concubine,RELEASED_IN,Country,China,1,1993,release geography
Film,Farewell My Concubine,BELONGS_TO_GENRE,Genre,Drama,1,1993,genre tag
Film,Farewell My Concubine,BELONGS_TO_GENRE,Genre,Historical,1,1993,genre tag
Film,Farewell My Concubine,BELONGS_TO_GENRE,Genre,Queer Cinema,1,1993,genre tag
Film,Farewell My Concubine,HAS_THEME,Theme,identity,1,1993,theme tag
Film,Farewell My Concubine,HAS_THEME,Theme,performance,1,1993,theme tag
Film,Farewell My Concubine,HAS_THEME,Theme,legacy,1,1993,theme tag
Film,Farewell My Concubine,USES_LANGUAGE,Language,Mandarin,1,1993,language
Film,Farewell My Concubine,MARKET_TYPE,AudienceSegment,international,1,1993,market label
Film,Farewell My Concubine,DISTRIBUTED_ON,Platform,Theatrical,1,1993,distribution
Film,Farewell My Concubine,DISTRIBUTED_ON,Platform,MUBI,1,1993,distribution
Film,Farewell My Concubine,ASSOCIATED_WITH_AWARD,Award,Cannes Palme d'Or,1,1993,award mention
Film,Farewell My Concubine,DIRECTED_BY,Person,Chen Kaige,2,1993,director
Film,Farewell My Concubine,ACTED_IN,Person,Leslie Cheung,1.5,1993,principal cast
Film,Farewell My Concubine,ACTED_IN,Person,Zhang Fengyi,1.5,1993,principal cast
Film,Farewell My Concubine,ACTED_IN,Person,Gong Li,1.5,1993,principal cast
Film,Farewell My Concubine,APPEALS_TO,AudienceSegment,Prestige-drama audience,1,1993,audience segment
Person,Gong Li,COLLABORATED_WITH,Person,Leslie Cheung,0.7,1993,Farewell My Concubine
Person,Leslie Cheung,COLLABORATED_WITH,Person,Gong Li,0.7,1993,Farewell My Concubine
Person,Gong Li,COLLABORATED_WITH,Person,Zhang Fengyi,0.7,1993,Farewell My Concubine
Person,Zhang Fengyi,COLLABORATED_WITH,Person,Gong Li,0.7,1993,Farewell My Concubine
Person,Leslie Cheung,COLLABORATED_WITH,Person,Zhang Fengyi,0.7,1993,Farewell My Concubine
Person,Zhang Fengyi,COLLABORATED_WITH,Person,Leslie Cheung,0.7,1993,Farewell My Concubine
Film,Chungking Express,RELEASED_IN,Country,Hong Kong,1,1994,release geography
Film,Chungking Express,BELONGS_TO_GENRE,Genre,Romance,1,1994,genre tag
Film,Chungking Express,BELONGS_TO_GENRE,Genre,Comedy,1,1994,genre tag
Film,Chungking Express,BELONGS_TO_GENRE,Genre,New Wave,1,1994,genre tag
Film,Chungking Express,HAS_THEME,Theme,urban loneliness,1,1994,theme tag
Film,Chungking Express,HAS_THEME,Theme,chance,1,1994,theme tag
Film,Chungking Express,HAS_THEME,Theme,desire,1,1994,theme tag
Film,Chungking Express,USES_LANGUAGE,Language,Cantonese/Mandarin,1,1994,language
Film,Chungking Express,MARKET_TYPE,AudienceSegment,international,1,1994,market label
Film,Chungking Express,DISTRIBUTED_ON,Platform,Criterion Channel,1,1994,distribution
Film,Chungking Express,DISTRIBUTED_ON,Platform,Theatrical,1,1994,distribution
Film,Chungking Express,ASSOCIATED_WITH_AWARD,Award,Hong Kong Film Awards (selected),1,1994,award mention
Film,Chungking Express,DIRECTED_BY,Person,Wong Kar-wai,2,1994,director
Film,Chungking Express,ACTED_IN,Person,Brigitte Lin,1.5,1994,principal cast
Film,Chungking Express,ACTED_IN,Person,Takeshi Kaneshiro,1.5,1994,principal cast
Film,Chungking Express,ACTED_IN,Person,Faye Wong,1.5,1994,principal cast
Film,Chungking Express,ACTED_IN,Person,Tony Leung Chiu-wai,1.5,1994,principal cast
Film,Chungking Express,APPEALS_TO,AudienceSegment,Mainstream audience,1,1994,audience segment
Person,Brigitte Lin,COLLABORATED_WITH,Person,Faye Wong,0.7,1994,Chungking Express
Person,Faye Wong,COLLABORATED_WITH,Person,Brigitte Lin,0.7,1994,Chungking Express
Person,Brigitte Lin,COLLABORATED_WITH,Person,Takeshi Kaneshiro,0.7,1994,Chungking Express
Person,Takeshi Kaneshiro,COLLABORATED_WITH,Person,Brigitte Lin,0.7,1994,Chungking Express
Person,Brigitte Lin,COLLABORATED_WITH,Person,Tony Leung Chiu-wai,0.7,1994,Chungking Express
Person,Tony Leung Chiu-wai,COLLABORATED_WITH,Person,Brigitte Lin,0.7,1994,Chungking Express
Person,Faye Wong,COLLABORATED_WITH,Person,Takeshi Kaneshiro,0.7,1994,Chungking Express
Person,Takeshi Kaneshiro,COLLABORATED_WITH,Person,Faye Wong,0.7,1994,Chungking Express
Person,Faye Wong,COLLABORATED_WITH,Person,Tony Leung Chiu-wai,0.7,1994,Chungking Express
Person,Tony Leung Chiu-wai,COLLABORATED_WITH,Person,Faye Wong,0.7,1994,Chungking Express
Person,Takeshi Kaneshiro,COLLABORATED_WITH,Person,Tony Leung Chiu-wai,0.7,1994,Chungking Express
Person,Tony Leung Chiu-wai,COLLABORATED_WITH,Person,Takeshi Kaneshiro,0.7,1994,Chungking Express
Film,In the Heat of the Sun,RELEASED_IN,Country,China,1,1994,release geography
Film,In the Heat of the Sun,BELONGS_TO_GENRE,Genre,Coming-of-Age,1,1994,genre tag
Film,In the Heat of the Sun,BELONGS_TO_GENRE,Genre,Drama,1,1994,genre tag
Film,In the Heat of the Sun,HAS_THEME,Theme,memory,1,1994,theme tag
Film,In the Heat of the Sun,HAS_THEME,Theme,youth,1,1994,theme tag
Film,In the Heat of the Sun,HAS_THEME,Theme,masculinity,1,1994,theme tag
Film,In the Heat of the Sun,USES_LANGUAGE,Language,Mandarin,1,1994,language
Film,In the Heat of the Sun,MARKET_TYPE,AudienceSegment,domestic,1,1994,market label
Film,In the Heat of the Sun,DISTRIBUTED_ON,Platform,Theatrical,1,1994,distribution
Film,In the Heat of the Sun,DISTRIBUTED_ON,Platform,iQiyi,1,1994,distribution
Film,In the Heat of the Sun,DIRECTED_BY,Person,Jiang Wen,2,1994,director
Film,In the Heat of the Sun,ACTED_IN,Person,Xia Yu,1.5,1994,principal cast
Film,In the Heat of the Sun,ACTED_IN,Person,Wang Xueqi,1.5,1994,principal cast
Film,In the Heat of the Sun,APPEALS_TO,AudienceSegment,Youth audience,1,1994,audience segment
Person,Wang Xueqi,COLLABORATED_WITH,Person,Xia Yu,0.7,1994,In the Heat of the Sun
Person,Xia Yu,COLLABORATED_WITH,Person,Wang Xueqi,0.7,1994,In the Heat of the Sun
Film,Comrades: Almost a Love Story,RELEASED_IN,Country,Hong Kong,1,1996,release geography
Film,Comrades: Almost a Love Story,BELONGS_TO_GENRE,Genre,Romance,1,1996,genre tag
Film,Comrades: Almost a Love Story,BELONGS_TO_GENRE,Genre,Drama,1,1996,genre tag
Film,Comrades: Almost a Love Story,HAS_THEME,Theme,migration,1,1996,theme tag
Film,Comrades: Almost a Love Story,HAS_THEME,Theme,city life,1,1996,theme tag
Film,Comrades: Almost a Love Story,HAS_THEME,Theme,love,1,1996,theme tag
Film,Comrades: Almost a Love Story,USES_LANGUAGE,Language,Cantonese/Mandarin,1,1996,language
Film,Comrades: Almost a Love Story,MARKET_TYPE,AudienceSegment,international,1,1996,market label
Film,Comrades: Almost a Love Story,DISTRIBUTED_ON,Platform,Criterion Channel,1,1996,distribution
Film,Comrades: Almost a Love Story,DISTRIBUTED_ON,Platform,Theatrical,1,1996,distribution
Film,Comrades: Almost a Love Story,ASSOCIATED_WITH_AWARD,Award,Hong Kong Film Awards,1,1996,award mention
Film,Comrades: Almost a Love Story,DIRECTED_BY,Person,Peter Chan,2,1996,director
Film,Comrades: Almost a Love Story,ACTED_IN,Person,Maggie Cheung,1.5,1996,principal cast
Film,Comrades: Almost a Love Story,ACTED_IN,Person,Leon Lai,1.5,1996,principal cast
Film,Comrades: Almost a Love Story,ACTED_IN,Person,Eric Tsang,1.5,1996,principal cast
Film,Comrades: Almost a Love Story,APPEALS_TO,AudienceSegment,Prestige-drama audience,1,1996,audience segment
Person,Eric Tsang,COLLABORATED_WITH,Person,Leon Lai,0.7,1996,Comrades: Almost a Love Story
Person,Leon Lai,COLLABORATED_WITH,Person,Eric Tsang,0.7,1996,Comrades: Almost a Love Story
Person,Eric Tsang,COLLABORATED_WITH,Person,Maggie Cheung,0.7,1996,Comrades: Almost a Love Story
Person,Maggie Cheung,COLLABORATED_WITH,Person,Eric Tsang,0.7,1996,Comrades: Almost a Love Story
Person,Leon Lai,COLLABORATED_WITH,Person,Maggie Cheung,0.7,1996,Comrades: Almost a Love Story
Person,Maggie Cheung,COLLABORATED_WITH,Person,Leon Lai,0.7,1996,Comrades: Almost a Love Story
Film,The Godfather,RELEASED_IN,Country,United States,1,1972,release geography
Film,The Godfather,BELONGS_TO_GENRE,Genre,Crime,1,1972,genre tag
Film,The Godfather,BELONGS_TO_GENRE,Genre,Drama,1,1972,genre tag
Film,The Godfather,HAS_THEME,Theme,family,1,1972,theme tag
Film,The Godfather,HAS_THEME,Theme,power,1,1972,theme tag
Film,The Godfather,HAS_THEME,Theme,crime,1,1972,theme tag
Film,The Godfather,USES_LANGUAGE,Language,English,1,1972,language
Film,The Godfather,MARKET_TYPE,AudienceSegment,classic,1,1972,market label
Film,The Godfather,DISTRIBUTED_ON,Platform,Theatrical,1,1972,distribution
Film,The Godfather,DISTRIBUTED_ON,Platform,Paramount+,1,1972,distribution
Film,The Godfather,ASSOCIATED_WITH_AWARD,Award,Academy Awards,1,1972,award mention
Film,The Godfather,ASSOCIATED_WITH_AWARD,Award,Golden Globe,1,1972,award mention
Film,The Godfather,DIRECTED_BY,Person,Francis Ford Coppola,2,1972,director
Film,The Godfather,ACTED_IN,Person,Marlon Brando,1.5,1972,principal cast
Film,The Godfather,ACTED_IN,Person,Al Pacino,1.5,1972,principal cast
Film,The Godfather,ACTED_IN,Person,James Caan,1.5,1972,principal cast
Film,The Godfather,APPEALS_TO,AudienceSegment,Mainstream audience,1,1972,audience segment
Person,Al Pacino,COLLABORATED_WITH,Person,James Caan,0.7,1972,The Godfather
Person,James Caan,COLLABORATED_WITH,Person,Al Pacino,0.7,1972,The Godfather
Person,Al Pacino,COLLABORATED_WITH,Person,Marlon Brando,0.7,1972,The Godfather
Person,Marlon Brando,COLLABORATED_WITH,Person,Al Pacino,0.7,1972,The Godfather
Person,James Caan,COLLABORATED_WITH,Person,Marlon Brando,0.7,1972,The Godfather
Person,Marlon Brando,COLLABORATED_WITH,Person,James Caan,0.7,1972,The Godfather
Film,Star Wars: A New Hope,RELEASED_IN,Country,United States,1,1977,release geography
Film,Star Wars: A New Hope,BELONGS_TO_GENRE,Genre,Sci-Fi,1,1977,genre tag
Film,Star Wars: A New Hope,BELONGS_TO_GENRE,Genre,Adventure,1,1977,genre tag
Film,Star Wars: A New Hope,HAS_THEME,Theme,myth,1,1977,theme tag
Film,Star Wars: A New Hope,HAS_THEME,Theme,rebellion,1,1977,theme tag
Film,Star Wars: A New Hope,HAS_THEME,Theme,space,1,1977,theme tag
Film,Star Wars: A New Hope,USES_LANGUAGE,Language,English,1,1977,language
Film,Star Wars: A New Hope,MARKET_TYPE,AudienceSegment,franchise,1,1977,market label
Film,Star Wars: A New Hope,DISTRIBUTED_ON,Platform,Theatrical,1,1977,distribution
Film,Star Wars: A New Hope,DISTRIBUTED_ON,Platform,Disney+,1,1977,distribution
Film,Star Wars: A New Hope,ASSOCIATED_WITH_AWARD,Award,Academy Awards,1,1977,award mention
Film,Star Wars: A New Hope,DIRECTED_BY,Person,George Lucas,2,1977,director
Film,Star Wars: A New Hope,ACTED_IN,Person,Mark Hamill,1.5,1977,principal cast
Film,Star Wars: A New Hope,ACTED_IN,Person,Carrie Fisher,1.5,1977,principal cast
Film,Star Wars: A New Hope,ACTED_IN,Person,Harrison Ford,1.5,1977,principal cast
Film,Star Wars: A New Hope,APPEALS_TO,AudienceSegment,Action franchise audience,1,1977,audience segment
Person,Carrie Fisher,COLLABORATED_WITH,Person,Harrison Ford,0.7,1977,Star Wars: A New Hope
Person,Harrison Ford,COLLABORATED_WITH,Person,Carrie Fisher,0.7,1977,Star Wars: A New Hope
Person,Carrie Fisher,COLLABORATED_WITH,Person,Mark Hamill,0.7,1977,Star Wars: A New Hope
Person,Mark Hamill,COLLABORATED_WITH,Person,Carrie Fisher,0.7,1977,Star Wars: A New Hope
Person,Harrison Ford,COLLABORATED_WITH,Person,Mark Hamill,0.7,1977,Star Wars: A New Hope
Person,Mark Hamill,COLLABORATED_WITH,Person,Harrison Ford,0.7,1977,Star Wars: A New Hope
Film,Jaws,RELEASED_IN,Country,United States,1,1975,release geography
Film,Jaws,BELONGS_TO_GENRE,Genre,Thriller,1,1975,genre tag
Film,Jaws,BELONGS_TO_GENRE,Genre,Adventure,1,1975,genre tag
Film,Jaws,HAS_THEME,Theme,fear,1,1975,theme tag
Film,Jaws,HAS_THEME,Theme,community,1,1975,theme tag
Film,Jaws,HAS_THEME,Theme,survival,1,1975,theme tag
Film,Jaws,USES_LANGUAGE,Language,English,1,1975,language
Film,Jaws,MARKET_TYPE,AudienceSegment,classic,1,1975,market label
Film,Jaws,DISTRIBUTED_ON,Platform,Theatrical,1,1975,distribution
Film,Jaws,DISTRIBUTED_ON,Platform,Peacock,1,1975,distribution
Film,Jaws,ASSOCIATED_WITH_AWARD,Award,Academy Awards,1,1975,award mention
Film,Jaws,DIRECTED_BY,Person,Steven Spielberg,2,1975,director
Film,Jaws,ACTED_IN,Person,Roy Scheider,1.5,1975,principal cast
Film,Jaws,ACTED_IN,Person,Richard Dreyfuss,1.5,1975,principal cast
Film,Jaws,ACTED_IN,Person,Robert Shaw,1.5,1975,principal cast
Film,Jaws,APPEALS_TO,AudienceSegment,Action franchise audience,1,1975,audience segment
Person,Richard Dreyfuss,COLLABORATED_WITH,Person,Robert Shaw,0.7,1975,Jaws
Person,Robert Shaw,COLLABORATED_WITH,Person,Richard Dreyfuss,0.7,1975,Jaws
Person,Richard Dreyfuss,COLLABORATED_WITH,Person,Roy Scheider,0.7,1975,Jaws
Person,Roy Scheider,COLLABORATED_WITH,Person,Richard Dreyfuss,0.7,1975,Jaws
Person,Robert Shaw,COLLABORATED_WITH,Person,Roy Scheider,0.7,1975,Jaws
Person,Roy Scheider,COLLABORATED_WITH,Person,Robert Shaw,0.7,1975,Jaws
Film,Taxi Driver,RELEASED_IN,Country,United States,1,1976,release geography
Film,Taxi Driver,BELONGS_TO_GENRE,Genre,Drama,1,1976,genre tag
Film,Taxi Driver,BELONGS_TO_GENRE,Genre,Crime,1,1976,genre tag
Film,Taxi Driver,HAS_THEME,Theme,alienation,1,1976,theme tag
Film,Taxi Driver,HAS_THEME,Theme,urban decay,1,1976,theme tag
Film,Taxi Driver,HAS_THEME,Theme,violence,1,1976,theme tag
Film,Taxi Driver,USES_LANGUAGE,Language,English,1,1976,language
Film,Taxi Driver,MARKET_TYPE,AudienceSegment,classic,1,1976,market label
Film,Taxi Driver,DISTRIBUTED_ON,Platform,Theatrical,1,1976,distribution
Film,Taxi Driver,DISTRIBUTED_ON,Platform,Criterion Channel,1,1976,distribution
Film,Taxi Driver,ASSOCIATED_WITH_AWARD,Award,Cannes Palme d'Or nomination,1,1976,award mention
Film,Taxi Driver,DIRECTED_BY,Person,Martin Scorsese,2,1976,director
Film,Taxi Driver,ACTED_IN,Person,Robert De Niro,1.5,1976,principal cast
Film,Taxi Driver,ACTED_IN,Person,Jodie Foster,1.5,1976,principal cast
Film,Taxi Driver,ACTED_IN,Person,Harvey Keitel,1.5,1976,principal cast
Film,Taxi Driver,APPEALS_TO,AudienceSegment,Mainstream audience,1,1976,audience segment
Person,Harvey Keitel,COLLABORATED_WITH,Person,Jodie Foster,0.7,1976,Taxi Driver
Person,Jodie Foster,COLLABORATED_WITH,Person,Harvey Keitel,0.7,1976,Taxi Driver
Person,Harvey Keitel,COLLABORATED_WITH,Person,Robert De Niro,0.7,1976,Taxi Driver
Person,Robert De Niro,COLLABORATED_WITH,Person,Harvey Keitel,0.7,1976,Taxi Driver
Person,Jodie Foster,COLLABORATED_WITH,Person,Robert De Niro,0.7,1976,Taxi Driver
Person,Robert De Niro,COLLABORATED_WITH,Person,Jodie Foster,0.7,1976,Taxi Driver
Film,The Killer,RELEASED_IN,Country,Hong Kong,1,1989,release geography
Film,The Killer,BELONGS_TO_GENRE,Genre,Action,1,1989,genre tag
Film,The Killer,BELONGS_TO_GENRE,Genre,Crime,1,1989,genre tag
Film,The Killer,BELONGS_TO_GENRE,Genre,Neo-noir,1,1989,genre tag
Film,The Killer,HAS_THEME,Theme,loyalty,1,1989,theme tag
Film,The Killer,HAS_THEME,Theme,sacrifice,1,1989,theme tag
Film,The Killer,HAS_THEME,Theme,stylized violence,1,1989,theme tag
Film,The Killer,USES_LANGUAGE,Language,Cantonese,1,1989,language
Film,The Killer,MARKET_TYPE,AudienceSegment,international,1,1989,market label
Film,The Killer,DISTRIBUTED_ON,Platform,Theatrical,1,1989,distribution
Film,The Killer,DISTRIBUTED_ON,Platform,Criterion Channel,1,1989,distribution
Film,The Killer,ASSOCIATED_WITH_AWARD,Award,Hong Kong Film Awards,1,1989,award mention
Film,The Killer,DIRECTED_BY,Person,John Woo,2,1989,director
Film,The Killer,ACTED_IN,Person,Chow Yun-fat,1.5,1989,principal cast
Film,The Killer,ACTED_IN,Person,Danny Lee,1.5,1989,principal cast
Film,The Killer,ACTED_IN,Person,Sally Yeh,1.5,1989,principal cast
Film,The Killer,APPEALS_TO,AudienceSegment,Action franchise audience,1,1989,audience segment
Person,Chow Yun-fat,COLLABORATED_WITH,Person,Danny Lee,0.7,1989,The Killer
Person,Danny Lee,COLLABORATED_WITH,Person,Chow Yun-fat,0.7,1989,The Killer
Person,Chow Yun-fat,COLLABORATED_WITH,Person,Sally Yeh,0.7,1989,The Killer
Person,Sally Yeh,COLLABORATED_WITH,Person,Chow Yun-fat,0.7,1989,The Killer
Person,Danny Lee,COLLABORATED_WITH,Person,Sally Yeh,0.7,1989,The Killer
Person,Sally Yeh,COLLABORATED_WITH,Person,Danny Lee,0.7,1989,The Killer
Film,Eat Drink Man Woman,RELEASED_IN,Country,Taiwan,1,1994,release geography
Film,Eat Drink Man Woman,BELONGS_TO_GENRE,Genre,Drama,1,1994,genre tag
Film,Eat Drink Man Woman,BELONGS_TO_GENRE,Genre,Family,1,1994,genre tag
Film,Eat Drink Man Woman,HAS_THEME,Theme,family,1,1994,theme tag
Film,Eat Drink Man Woman,HAS_THEME,Theme,food,1,1994,theme tag
Film,Eat Drink Man Woman,HAS_THEME,Theme,generational change,1,1994,theme tag
Film,Eat Drink Man Woman,USES_LANGUAGE,Language,Mandarin,1,1994,language
Film,Eat Drink Man Woman,MARKET_TYPE,AudienceSegment,international,1,1994,market label
Film,Eat Drink Man Woman,DISTRIBUTED_ON,Platform,Theatrical,1,1994,distribution
Film,Eat Drink Man Woman,DISTRIBUTED_ON,Platform,Criterion Channel,1,1994,distribution
Film,Eat Drink Man Woman,ASSOCIATED_WITH_AWARD,Award,Academy Awards nomination,1,1994,award mention
Film,Eat Drink Man Woman,DIRECTED_BY,Person,Ang Lee,2,1994,director
Film,Eat Drink Man Woman,ACTED_IN,Person,Sihung Lung,1.5,1994,principal cast
Film,Eat Drink Man Woman,ACTED_IN,Person,Yang Kuei-mei,1.5,1994,principal cast
Film,Eat Drink Man Woman,ACTED_IN,Person,Chien-lien Wu,1.5,1994,principal cast
Film,Eat Drink Man Woman,APPEALS_TO,AudienceSegment,Prestige-drama audience,1,1994,audience segment
Person,Chien-lien Wu,COLLABORATED_WITH,Person,Sihung Lung,0.7,1994,Eat Drink Man Woman
Person,Sihung Lung,COLLABORATED_WITH,Person,Chien-lien Wu,0.7,1994,Eat Drink Man Woman
Person,Chien-lien Wu,COLLABORATED_WITH,Person,Yang Kuei-mei,0.7,1994,Eat Drink Man Woman
Person,Yang Kuei-mei,COLLABORATED_WITH,Person,Chien-lien Wu,0.7,1994,Eat Drink Man Woman
Person,Sihung Lung,COLLABORATED_WITH,Person,Yang Kuei-mei,0.7,1994,Eat Drink Man Woman
Person,Yang Kuei-mei,COLLABORATED_WITH,Person,Sihung Lung,0.7,1994,Eat Drink Man Woman
Film,"Crouching Tiger, Hidden Dragon",RELEASED_IN,Country,Taiwan/China/Hong Kong,1,2000,release geography
Film,"Crouching Tiger, Hidden Dragon",BELONGS_TO_GENRE,Genre,Action,1,2000,genre tag
Film,"Crouching Tiger, Hidden Dragon",BELONGS_TO_GENRE,Genre,Romance,1,2000,genre tag
Film,"Crouching Tiger, Hidden Dragon",BELONGS_TO_GENRE,Genre,Fantasy,1,2000,genre tag
Film,"Crouching Tiger, Hidden Dragon",HAS_THEME,Theme,discipline,1,2000,theme tag
Film,"Crouching Tiger, Hidden Dragon",HAS_THEME,Theme,desire,1,2000,theme tag
Film,"Crouching Tiger, Hidden Dragon",HAS_THEME,Theme,freedom,1,2000,theme tag
Film,"Crouching Tiger, Hidden Dragon",USES_LANGUAGE,Language,Mandarin,1,2000,language
Film,"Crouching Tiger, Hidden Dragon",MARKET_TYPE,AudienceSegment,cross-cultural,1,2000,market label
Film,"Crouching Tiger, Hidden Dragon",DISTRIBUTED_ON,Platform,Theatrical,1,2000,distribution
Film,"Crouching Tiger, Hidden Dragon",DISTRIBUTED_ON,Platform,Netflix,1,2000,distribution
Film,"Crouching Tiger, Hidden Dragon",ASSOCIATED_WITH_AWARD,Award,Academy Awards,1,2000,award mention
Film,"Crouching Tiger, Hidden Dragon",ASSOCIATED_WITH_AWARD,Award,BAFTA,1,2000,award mention
Film,"Crouching Tiger, Hidden Dragon",ASSOCIATED_WITH_AWARD,Award,Golden Globe,1,2000,award mention
Film,"Crouching Tiger, Hidden Dragon",DIRECTED_BY,Person,Ang Lee,2,2000,director
Film,"Crouching Tiger, Hidden Dragon",ACTED_IN,Person,Michelle Yeoh,1.5,2000,principal cast
Film,"Crouching Tiger, Hidden Dragon",ACTED_IN,Person,Chow Yun-fat,1.5,2000,principal cast
Film,"Crouching Tiger, Hidden Dragon",ACTED_IN,Person,Zhang Ziyi,1.5,2000,principal cast
Film,"Crouching Tiger, Hidden Dragon",APPEALS_TO,AudienceSegment,Action franchise audience,1,2000,audience segment
Person,Chow Yun-fat,COLLABORATED_WITH,Person,Michelle Yeoh,0.7,2000,"Crouching Tiger, Hidden Dragon"
Person,Michelle Yeoh,COLLABORATED_WITH,Person,Chow Yun-fat,0.7,2000,"Crouching Tiger, Hidden Dragon"
Person,Chow Yun-fat,COLLABORATED_WITH,Person,Zhang Ziyi,0.7,2000,"Crouching Tiger, Hidden Dragon"
Person,Zhang Ziyi,COLLABORATED_WITH,Person,Chow Yun-fat,0.7,2000,"Crouching Tiger, Hidden Dragon"
Person,Michelle Yeoh,COLLABORATED_WITH,Person,Zhang Ziyi,0.7,2000,"Crouching Tiger, Hidden Dragon"
Person,Zhang Ziyi,COLLABORATED_WITH,Person,Michelle Yeoh,0.7,2000,"Crouching Tiger, Hidden Dragon"
Film,Hero,RELEASED_IN,Country,China,1,2002,release geography
Film,Hero,BELONGS_TO_GENRE,Genre,Action,1,2002,genre tag
Film,Hero,BELONGS_TO_GENRE,Genre,Historical,1,2002,genre tag
Film,Hero,BELONGS_TO_GENRE,Genre,Martial Arts,1,2002,genre tag
Film,Hero,HAS_THEME,Theme,sacrifice,1,2002,theme tag
Film,Hero,HAS_THEME,Theme,state,1,2002,theme tag
Film,Hero,HAS_THEME,Theme,artistry,1,2002,theme tag
Film,Hero,USES_LANGUAGE,Language,Mandarin,1,2002,language
Film,Hero,MARKET_TYPE,AudienceSegment,cross-cultural,1,2002,market label
Film,Hero,DISTRIBUTED_ON,Platform,Theatrical,1,2002,distribution
Film,Hero,DISTRIBUTED_ON,Platform,MUBI,1,2002,distribution
Film,Hero,ASSOCIATED_WITH_AWARD,Award,Academy Awards nomination,1,2002,award mention
Film,Hero,DIRECTED_BY,Person,Zhang Yimou,2,2002,director
Film,Hero,ACTED_IN,Person,Jet Li,1.5,2002,principal cast
Film,Hero,ACTED_IN,Person,Tony Leung Chiu-wai,1.5,2002,principal cast
Film,Hero,ACTED_IN,Person,Maggie Cheung,1.5,2002,principal cast
Film,Hero,ACTED_IN,Person,Zhang Ziyi,1.5,2002,principal cast
Film,Hero,APPEALS_TO,AudienceSegment,Action franchise audience,1,2002,audience segment
Person,Jet Li,COLLABORATED_WITH,Person,Maggie Cheung,0.7,2002,Hero
Person,Maggie Cheung,COLLABORATED_WITH,Person,Jet Li,0.7,2002,Hero
Person,Jet Li,COLLABORATED_WITH,Person,Tony Leung Chiu-wai,0.7,2002,Hero
Person,Tony Leung Chiu-wai,COLLABORATED_WITH,Person,Jet Li,0.7,2002,Hero
Person,Jet Li,COLLABORATED_WITH,Person,Zhang Ziyi,0.7,2002,Hero
Person,Zhang Ziyi,COLLABORATED_WITH,Person,Jet Li,0.7,2002,Hero
Person,Maggie Cheung,COLLABORATED_WITH,Person,Tony Leung Chiu-wai,0.7,2002,Hero
Person,Tony Leung Chiu-wai,COLLABORATED_WITH,Person,Maggie Cheung,0.7,2002,Hero
Person,Maggie Cheung,COLLABORATED_WITH,Person,Zhang Ziyi,0.7,2002,Hero
Person,Zhang Ziyi,COLLABORATED_WITH,Person,Maggie Cheung,0.7,2002,Hero
Person,Tony Leung Chiu-wai,COLLABORATED_WITH,Person,Zhang Ziyi,0.7,2002,Hero
Person,Zhang Ziyi,COLLABORATED_WITH,Person,Tony Leung Chiu-wai,0.7,2002,Hero
Film,House of Flying Daggers,RELEASED_IN,Country,China,1,2004,release geography
Film,House of Flying Daggers,BELONGS_TO_GENRE,Genre,Romance,1,2004,genre tag
Film,House of Flying Daggers,BELONGS_TO_GENRE,Genre,Action,1,2004,genre tag
Film,House of Flying Daggers,BELONGS_TO_GENRE,Genre,Martial Arts,1,2004,genre tag
Film,House of Flying Daggers,HAS_THEME,Theme,betrayal,1,2004,theme tag
Film,House of Flying Daggers,HAS_THEME,Theme,love,1,2004,theme tag
Film,House of Flying Daggers,HAS_THEME,Theme,spectacle,1,2004,theme tag
Film,House of Flying Daggers,USES_LANGUAGE,Language,Mandarin,1,2004,language
Film,House of Flying Daggers,MARKET_TYPE,AudienceSegment,international,1,2004,market label
Film,House of Flying Daggers,DISTRIBUTED_ON,Platform,Theatrical,1,2004,distribution
Film,House of Flying Daggers,DISTRIBUTED_ON,Platform,MUBI,1,2004,distribution
Film,House of Flying Daggers,ASSOCIATED_WITH_AWARD,Award,BAFTA nomination,1,2004,award mention
Film,House of Flying Daggers,DIRECTED_BY,Person,Zhang Yimou,2,2004,director
Film,House of Flying Daggers,ACTED_IN,Person,Zhang Ziyi,1.5,2004,principal cast
Film,House of Flying Daggers,ACTED_IN,Person,Andy Lau,1.5,2004,principal cast
Film,House of Flying Daggers,ACTED_IN,Person,Takeshi Kaneshiro,1.5,2004,principal cast
Film,House of Flying Daggers,APPEALS_TO,AudienceSegment,Action franchise audience,1,2004,audience segment
Person,Andy Lau,COLLABORATED_WITH,Person,Takeshi Kaneshiro,0.7,2004,House of Flying Daggers
Person,Takeshi Kaneshiro,COLLABORATED_WITH,Person,Andy Lau,0.7,2004,House of Flying Daggers
Person,Andy Lau,COLLABORATED_WITH,Person,Zhang Ziyi,0.7,2004,House of Flying Daggers
Person,Zhang Ziyi,COLLABORATED_WITH,Person,Andy Lau,0.7,2004,House of Flying Daggers
Person,Takeshi Kaneshiro,COLLABORATED_WITH,Person,Zhang Ziyi,0.7,2004,House of Flying Daggers
Person,Zhang Ziyi,COLLABORATED_WITH,Person,Takeshi Kaneshiro,0.7,2004,House of Flying Daggers
Film,The Grandmaster,RELEASED_IN,Country,Hong Kong/China,1,2013,release geography
Film,The Grandmaster,BELONGS_TO_GENRE,Genre,Martial Arts,1,2013,genre tag
Film,The Grandmaster,BELONGS_TO_GENRE,Genre,Drama,1,2013,genre tag
Film,The Grandmaster,HAS_THEME,Theme,mastery,1,2013,theme tag
Film,The Grandmaster,HAS_THEME,Theme,lineage,1,2013,theme tag
Film,The Grandmaster,HAS_THEME,Theme,discipline,1,2013,theme tag
Film,The Grandmaster,USES_LANGUAGE,Language,Cantonese/Mandarin,1,2013,language
Film,The Grandmaster,MARKET_TYPE,AudienceSegment,international,1,2013,market label
Film,The Grandmaster,DISTRIBUTED_ON,Platform,Theatrical,1,2013,distribution
Film,The Grandmaster,DISTRIBUTED_ON,Platform,Criterion Channel,1,2013,distribution
Film,The Grandmaster,ASSOCIATED_WITH_AWARD,Award,Academy Awards nomination,1,2013,award mention
Film,The Grandmaster,DIRECTED_BY,Person,Wong Kar-wai,2,2013,director
Film,The Grandmaster,ACTED_IN,Person,Tony Leung Chiu-wai,1.5,2013,principal cast
Film,The Grandmaster,ACTED_IN,Person,Zhang Ziyi,1.5,2013,principal cast
Film,The Grandmaster,ACTED_IN,Person,Zhang Jin,1.5,2013,principal cast
Film,The Grandmaster,APPEALS_TO,AudienceSegment,Prestige-drama audience,1,2013,audience segment
Person,Tony Leung Chiu-wai,COLLABORATED_WITH,Person,Zhang Jin,0.7,2013,The Grandmaster
Person,Zhang Jin,COLLABORATED_WITH,Person,Tony Leung Chiu-wai,0.7,2013,The Grandmaster
Person,Tony Leung Chiu-wai,COLLABORATED_WITH,Person,Zhang Ziyi,0.7,2013,The Grandmaster
Person,Zhang Ziyi,COLLABORATED_WITH,Person,Tony Leung Chiu-wai,0.7,2013,The Grandmaster
Person,Zhang Jin,COLLABORATED_WITH,Person,Zhang Ziyi,0.7,2013,The Grandmaster
Person,Zhang Ziyi,COLLABORATED_WITH,Person,Zhang Jin,0.7,2013,The Grandmaster
Film,The Wild Goose Lake,RELEASED_IN,Country,China,1,2019,release geography
Film,The Wild Goose Lake,BELONGS_TO_GENRE,Genre,Crime,1,2019,genre tag
Film,The Wild Goose Lake,BELONGS_TO_GENRE,Genre,Noir,1,2019,genre tag
Film,The Wild Goose Lake,HAS_THEME,Theme,crime,1,2019,theme tag
Film,The Wild Goose Lake,HAS_THEME,Theme,pursuit,1,2019,theme tag
Film,The Wild Goose Lake,HAS_THEME,Theme,urban survival,1,2019,theme tag
Film,The Wild Goose Lake,USES_LANGUAGE,Language,Mandarin,1,2019,language
Film,The Wild Goose Lake,MARKET_TYPE,AudienceSegment,festival,1,2019,market label
Film,The Wild Goose Lake,DISTRIBUTED_ON,Platform,Theatrical,1,2019,distribution
Film,The Wild Goose Lake,DISTRIBUTED_ON,Platform,MUBI,1,2019,distribution
Film,The Wild Goose Lake,ASSOCIATED_WITH_AWARD,Award,Cannes Competition,1,2019,award mention
Film,The Wild Goose Lake,DIRECTED_BY,Person,Diao Yinan,2,2019,director
Film,The Wild Goose Lake,ACTED_IN,Person,Hu Ge,1.5,2019,principal cast
Film,The Wild Goose Lake,ACTED_IN,Person,Gwei Lun-mei,1.5,2019,principal cast
Film,The Wild Goose Lake,APPEALS_TO,AudienceSegment,Mainstream audience,1,2019,audience segment
Person,Gwei Lun-mei,COLLABORATED_WITH,Person,Hu Ge,0.7,2019,The Wild Goose Lake
Person,Hu Ge,COLLABORATED_WITH,Person,Gwei Lun-mei,0.7,2019,The Wild Goose Lake
Film,Still Life,RELEASED_IN,Country,China,1,2006,release geography
Film,Still Life,BELONGS_TO_GENRE,Genre,Drama,1,2006,genre tag
Film,Still Life,BELONGS_TO_GENRE,Genre,Art House,1,2006,genre tag
Film,Still Life,HAS_THEME,Theme,migration,1,2006,theme tag
Film,Still Life,HAS_THEME,Theme,modernization,1,2006,theme tag
Film,Still Life,HAS_THEME,Theme,loss,1,2006,theme tag
Film,Still Life,USES_LANGUAGE,Language,Mandarin,1,2006,language
Film,Still Life,MARKET_TYPE,AudienceSegment,festival,1,2006,market label
Film,Still Life,DISTRIBUTED_ON,Platform,Theatrical,1,2006,distribution
Film,Still Life,DISTRIBUTED_ON,Platform,Criterion Channel,1,2006,distribution
Film,Still Life,ASSOCIATED_WITH_AWARD,Award,Venice Golden Lion,1,2006,award mention
Film,Still Life,DIRECTED_BY,Person,Jia Zhangke,2,2006,director
Film,Still Life,ACTED_IN,Person,Zhao Tao,1.5,2006,principal cast
Film,Still Life,ACTED_IN,Person,Han Sanming,1.5,2006,principal cast
Film,Still Life,APPEALS_TO,AudienceSegment,Prestige-drama audience,1,2006,audience segment
Person,Han Sanming,COLLABORATED_WITH,Person,Zhao Tao,0.7,2006,Still Life
Person,Zhao Tao,COLLABORATED_WITH,Person,Han Sanming,0.7,2006,Still Life
Film,A Touch of Sin,RELEASED_IN,Country,China,1,2013,release geography
Film,A Touch of Sin,BELONGS_TO_GENRE,Genre,Drama,1,2013,genre tag
Film,A Touch of Sin,BELONGS_TO_GENRE,Genre,Social Realism,1,2013,genre tag
Film,A Touch of Sin,HAS_THEME,Theme,inequality,1,2013,theme tag
Film,A Touch of Sin,HAS_THEME,Theme,violence,1,2013,theme tag
Film,A Touch of Sin,HAS_THEME,Theme,friction,1,2013,theme tag
Film,A Touch of Sin,USES_LANGUAGE,Language,Mandarin,1,2013,language
Film,A Touch of Sin,MARKET_TYPE,AudienceSegment,festival,1,2013,market label
Film,A Touch of Sin,DISTRIBUTED_ON,Platform,Theatrical,1,2013,distribution
Film,A Touch of Sin,DISTRIBUTED_ON,Platform,MUBI,1,2013,distribution
Film,A Touch of Sin,ASSOCIATED_WITH_AWARD,Award,Cannes Best Screenplay,1,2013,award mention
Film,A Touch of Sin,DIRECTED_BY,Person,Jia Zhangke,2,2013,director
Film,A Touch of Sin,ACTED_IN,Person,Jiang Wu,1.5,2013,principal cast
Film,A Touch of Sin,ACTED_IN,Person,Zhao Tao,1.5,2013,principal cast
Film,A Touch of Sin,ACTED_IN,Person,Wang Baoqiang,1.5,2013,principal cast
Film,A Touch of Sin,APPEALS_TO,AudienceSegment,Prestige-drama audience,1,2013,audience segment
Person,Jiang Wu,COLLABORATED_WITH,Person,Wang Baoqiang,0.7,2013,A Touch of Sin
Person,Wang Baoqiang,COLLABORATED_WITH,Person,Jiang Wu,0.7,2013,A Touch of Sin
Person,Jiang Wu,COLLABORATED_WITH,Person,Zhao Tao,0.7,2013,A Touch of Sin
Person,Zhao Tao,COLLABORATED_WITH,Person,Jiang Wu,0.7,2013,A Touch of Sin
Person,Wang Baoqiang,COLLABORATED_WITH,Person,Zhao Tao,0.7,2013,A Touch of Sin
Person,Zhao Tao,COLLABORATED_WITH,Person,Wang Baoqiang,0.7,2013,A Touch of Sin
Film,Ash Is Purest White,RELEASED_IN,Country,China,1,2018,release geography
Film,Ash Is Purest White,BELONGS_TO_GENRE,Genre,Drama,1,2018,genre tag
Film,Ash Is Purest White,BELONGS_TO_GENRE,Genre,Crime,1,2018,genre tag
Film,Ash Is Purest White,HAS_THEME,Theme,love,1,2018,theme tag
Film,Ash Is Purest White,HAS_THEME,Theme,crime,1,2018,theme tag
Film,Ash Is Purest White,HAS_THEME,Theme,time,1,2018,theme tag
Film,Ash Is Purest White,USES_LANGUAGE,Language,Mandarin,1,2018,language
Film,Ash Is Purest White,MARKET_TYPE,AudienceSegment,festival,1,2018,market label
Film,Ash Is Purest White,DISTRIBUTED_ON,Platform,Theatrical,1,2018,distribution
Film,Ash Is Purest White,DISTRIBUTED_ON,Platform,MUBI,1,2018,distribution
Film,Ash Is Purest White,ASSOCIATED_WITH_AWARD,Award,Cannes Competition,1,2018,award mention
Film,Ash Is Purest White,DIRECTED_BY,Person,Jia Zhangke,2,2018,director
Film,Ash Is Purest White,ACTED_IN,Person,Zhao Tao,1.5,2018,principal cast
Film,Ash Is Purest White,ACTED_IN,Person,Liao Fan,1.5,2018,principal cast
Film,Ash Is Purest White,APPEALS_TO,AudienceSegment,Prestige-drama audience,1,2018,audience segment
Person,Liao Fan,COLLABORATED_WITH,Person,Zhao Tao,0.7,2018,Ash Is Purest White
Person,Zhao Tao,COLLABORATED_WITH,Person,Liao Fan,0.7,2018,Ash Is Purest White
Film,Aftershock,RELEASED_IN,Country,China,1,2010,release geography
Film,Aftershock,BELONGS_TO_GENRE,Genre,Drama,1,2010,genre tag
Film,Aftershock,BELONGS_TO_GENRE,Genre,Disaster,1,2010,genre tag
Film,Aftershock,HAS_THEME,Theme,family,1,2010,theme tag
Film,Aftershock,HAS_THEME,Theme,loss,1,2010,theme tag
Film,Aftershock,HAS_THEME,Theme,recovery,1,2010,theme tag
Film,Aftershock,USES_LANGUAGE,Language,Mandarin,1,2010,language
Film,Aftershock,MARKET_TYPE,AudienceSegment,domestic,1,2010,market label
Film,Aftershock,DISTRIBUTED_ON,Platform,Theatrical,1,2010,distribution
Film,Aftershock,DISTRIBUTED_ON,Platform,Tencent Video,1,2010,distribution
Film,Aftershock,ASSOCIATED_WITH_AWARD,Award,Golden Horse Awards,1,2010,award mention
Film,Aftershock,DIRECTED_BY,Person,Feng Xiaogang,2,2010,director
Film,Aftershock,ACTED_IN,Person,Xu Fan,1.5,2010,principal cast
Film,Aftershock,ACTED_IN,Person,Zhang Jingchu,1.5,2010,principal cast
Film,Aftershock,ACTED_IN,Person,Chen Daoming,1.5,2010,principal cast
Film,Aftershock,APPEALS_TO,AudienceSegment,Mainstream audience,1,2010,audience segment
Person,Chen Daoming,COLLABORATED_WITH,Person,Xu Fan,0.7,2010,Aftershock
Person,Xu Fan,COLLABORATED_WITH,Person,Chen Daoming,0.7,2010,Aftershock
Person,Chen Daoming,COLLABORATED_WITH,Person,Zhang Jingchu,0.7,2010,Aftershock
Person,Zhang Jingchu,COLLABORATED_WITH,Person,Chen Daoming,0.7,2010,Aftershock
Person,Xu Fan,COLLABORATED_WITH,Person,Zhang Jingchu,0.7,2010,Aftershock
Person,Zhang Jingchu,COLLABORATED_WITH,Person,Xu Fan,0.7,2010,Aftershock
Film,Back to 1942,RELEASED_IN,Country,China,1,2012,release geography
Film,Back to 1942,BELONGS_TO_GENRE,Genre,Drama,1,2012,genre tag
Film,Back to 1942,BELONGS_TO_GENRE,Genre,Historical,1,2012,genre tag
Film,Back to 1942,HAS_THEME,Theme,survival,1,2012,theme tag
Film,Back to 1942,HAS_THEME,Theme,history,1,2012,theme tag
Film,Back to 1942,HAS_THEME,Theme,migration,1,2012,theme tag
Film,Back to 1942,USES_LANGUAGE,Language,Mandarin,1,2012,language
Film,Back to 1942,MARKET_TYPE,AudienceSegment,domestic,1,2012,market label
Film,Back to 1942,DISTRIBUTED_ON,Platform,Theatrical,1,2012,distribution
Film,Back to 1942,DISTRIBUTED_ON,Platform,iQiyi,1,2012,distribution
Film,Back to 1942,ASSOCIATED_WITH_AWARD,Award,Golden Rooster Awards,1,2012,award mention
Film,Back to 1942,DIRECTED_BY,Person,Feng Xiaogang,2,2012,director
Film,Back to 1942,ACTED_IN,Person,Zhang Guoli,1.5,2012,principal cast
Film,Back to 1942,ACTED_IN,Person,Xu Fan,1.5,2012,principal cast
Film,Back to 1942,ACTED_IN,Person,Chen Daoming,1.5,2012,principal cast
Film,Back to 1942,APPEALS_TO,AudienceSegment,Mainstream audience,1,2012,audience segment
Person,Chen Daoming,COLLABORATED_WITH,Person,Xu Fan,0.7,2012,Back to 1942
Person,Xu Fan,COLLABORATED_WITH,Person,Chen Daoming,0.7,2012,Back to 1942
Person,Chen Daoming,COLLABORATED_WITH,Person,Zhang Guoli,0.7,2012,Back to 1942
Person,Zhang Guoli,COLLABORATED_WITH,Person,Chen Daoming,0.7,2012,Back to 1942
Person,Xu Fan,COLLABORATED_WITH,Person,Zhang Guoli,0.7,2012,Back to 1942
Person,Zhang Guoli,COLLABORATED_WITH,Person,Xu Fan,0.7,2012,Back to 1942
Film,Let the Bullets Fly,RELEASED_IN,Country,China,1,2010,release geography
Film,Let the Bullets Fly,BELONGS_TO_GENRE,Genre,Action,1,2010,genre tag
Film,Let the Bullets Fly,BELONGS_TO_GENRE,Genre,Comedy,1,2010,genre tag
Film,Let the Bullets Fly,BELONGS_TO_GENRE,Genre,Western,1,2010,genre tag
Film,Let the Bullets Fly,HAS_THEME,Theme,power,1,2010,theme tag
Film,Let the Bullets Fly,HAS_THEME,Theme,satire,1,2010,theme tag
Film,Let the Bullets Fly,HAS_THEME,Theme,outlaws,1,2010,theme tag
Film,Let the Bullets Fly,USES_LANGUAGE,Language,Mandarin,1,2010,language
Film,Let the Bullets Fly,MARKET_TYPE,AudienceSegment,domestic,1,2010,market label
Film,Let the Bullets Fly,DISTRIBUTED_ON,Platform,Theatrical,1,2010,distribution
Film,Let the Bullets Fly,DISTRIBUTED_ON,Platform,Youku,1,2010,distribution
Film,Let the Bullets Fly,ASSOCIATED_WITH_AWARD,Award,Golden Horse Awards,1,2010,award mention
Film,Let the Bullets Fly,DIRECTED_BY,Person,Jiang Wen,2,2010,director
Film,Let the Bullets Fly,ACTED_IN,Person,Jiang Wen,1.5,2010,principal cast
Film,Let the Bullets Fly,ACTED_IN,Person,Chow Yun-fat,1.5,2010,principal cast
Film,Let the Bullets Fly,ACTED_IN,Person,Ge You,1.5,2010,principal cast
Film,Let the Bullets Fly,APPEALS_TO,AudienceSegment,Action franchise audience,1,2010,audience segment
Person,Chow Yun-fat,COLLABORATED_WITH,Person,Ge You,0.7,2010,Let the Bullets Fly
Person,Ge You,COLLABORATED_WITH,Person,Chow Yun-fat,0.7,2010,Let the Bullets Fly
Person,Chow Yun-fat,COLLABORATED_WITH,Person,Jiang Wen,0.7,2010,Let the Bullets Fly
Person,Jiang Wen,COLLABORATED_WITH,Person,Chow Yun-fat,0.7,2010,Let the Bullets Fly
Person,Ge You,COLLABORATED_WITH,Person,Jiang Wen,0.7,2010,Let the Bullets Fly
Person,Jiang Wen,COLLABORATED_WITH,Person,Ge You,0.7,2010,Let the Bullets Fly
Film,The Hidden Man,RELEASED_IN,Country,China,1,2018,release geography
Film,The Hidden Man,BELONGS_TO_GENRE,Genre,Historical,1,2018,genre tag
Film,The Hidden Man,BELONGS_TO_GENRE,Genre,Action,1,2018,genre tag
Film,The Hidden Man,HAS_THEME,Theme,loyalty,1,2018,theme tag
Film,The Hidden Man,HAS_THEME,Theme,empire,1,2018,theme tag
Film,The Hidden Man,HAS_THEME,Theme,mystery,1,2018,theme tag
Film,The Hidden Man,USES_LANGUAGE,Language,Mandarin,1,2018,language
Film,The Hidden Man,MARKET_TYPE,AudienceSegment,domestic,1,2018,market label
Film,The Hidden Man,DISTRIBUTED_ON,Platform,Theatrical,1,2018,distribution
Film,The Hidden Man,DISTRIBUTED_ON,Platform,iQiyi,1,2018,distribution
Film,The Hidden Man,ASSOCIATED_WITH_AWARD,Award,Golden Rooster Awards nomination,1,2018,award mention
Film,The Hidden Man,DIRECTED_BY,Person,Jiang Wen,2,2018,director
Film,The Hidden Man,ACTED_IN,Person,Jiang Wen,1.5,2018,principal cast
Film,The Hidden Man,ACTED_IN,Person,Peng Yuyan,1.5,2018,principal cast
Film,The Hidden Man,ACTED_IN,Person,Zhou Yun,1.5,2018,principal cast
Film,The Hidden Man,APPEALS_TO,AudienceSegment,Action franchise audience,1,2018,audience segment
Person,Jiang Wen,COLLABORATED_WITH,Person,Peng Yuyan,0.7,2018,The Hidden Man
Person,Peng Yuyan,COLLABORATED_WITH,Person,Jiang Wen,0.7,2018,The Hidden Man
Person,Jiang Wen,COLLABORATED_WITH,Person,Zhou Yun,0.7,2018,The Hidden Man
Person,Zhou Yun,COLLABORATED_WITH,Person,Jiang Wen,0.7,2018,The Hidden Man
Person,Peng Yuyan,COLLABORATED_WITH,Person,Zhou Yun,0.7,2018,The Hidden Man
Person,Zhou Yun,COLLABORATED_WITH,Person,Peng Yuyan,0.7,2018,The Hidden Man
Film,Suzhou River,RELEASED_IN,Country,China,1,2000,release geography
Film,Suzhou River,BELONGS_TO_GENRE,Genre,Romance,1,2000,genre tag
Film,Suzhou River,BELONGS_TO_GENRE,Genre,Thriller,1,2000,genre tag
Film,Suzhou River,HAS_THEME,Theme,identity,1,2000,theme tag
Film,Suzhou River,HAS_THEME,Theme,river city,1,2000,theme tag
Film,Suzhou River,HAS_THEME,Theme,obsession,1,2000,theme tag
Film,Suzhou River,USES_LANGUAGE,Language,Mandarin,1,2000,language
Film,Suzhou River,MARKET_TYPE,AudienceSegment,festival,1,2000,market label
Film,Suzhou River,DISTRIBUTED_ON,Platform,Theatrical,1,2000,distribution
Film,Suzhou River,DISTRIBUTED_ON,Platform,Criterion Channel,1,2000,distribution
Film,Suzhou River,ASSOCIATED_WITH_AWARD,Award,Rotterdam Tiger Award,1,2000,award mention
Film,Suzhou River,DIRECTED_BY,Person,Lou Ye,2,2000,director
Film,Suzhou River,ACTED_IN,Person,Zhou Xun,1.5,2000,principal cast
Film,Suzhou River,ACTED_IN,Person,Jia Hongsheng,1.5,2000,principal cast
Film,Suzhou River,APPEALS_TO,AudienceSegment,Mainstream audience,1,2000,audience segment
Person,Jia Hongsheng,COLLABORATED_WITH,Person,Zhou Xun,0.7,2000,Suzhou River
Person,Zhou Xun,COLLABORATED_WITH,Person,Jia Hongsheng,0.7,2000,Suzhou River
Film,Summer Palace,RELEASED_IN,Country,China,1,2006,release geography
Film,Summer Palace,BELONGS_TO_GENRE,Genre,Drama,1,2006,genre tag
Film,Summer Palace,BELONGS_TO_GENRE,Genre,Romance,1,2006,genre tag
Film,Summer Palace,HAS_THEME,Theme,youth,1,2006,theme tag
Film,Summer Palace,HAS_THEME,Theme,politics,1,2006,theme tag
Film,Summer Palace,HAS_THEME,Theme,desire,1,2006,theme tag
Film,Summer Palace,USES_LANGUAGE,Language,Mandarin,1,2006,language
Film,Summer Palace,MARKET_TYPE,AudienceSegment,festival,1,2006,market label
Film,Summer Palace,DISTRIBUTED_ON,Platform,Theatrical,1,2006,distribution
Film,Summer Palace,DISTRIBUTED_ON,Platform,MUBI,1,2006,distribution
Film,Summer Palace,ASSOCIATED_WITH_AWARD,Award,Cannes Competition,1,2006,award mention
Film,Summer Palace,DIRECTED_BY,Person,Lou Ye,2,2006,director
Film,Summer Palace,ACTED_IN,Person,Hao Lei,1.5,2006,principal cast
Film,Summer Palace,ACTED_IN,Person,Guo Xiaodong,1.5,2006,principal cast
Film,Summer Palace,APPEALS_TO,AudienceSegment,Prestige-drama audience,1,2006,audience segment
Person,Guo Xiaodong,COLLABORATED_WITH,Person,Hao Lei,0.7,2006,Summer Palace
Person,Hao Lei,COLLABORATED_WITH,Person,Guo Xiaodong,0.7,2006,Summer Palace
Film,Mystery,RELEASED_IN,Country,China,1,2012,release geography
Film,Mystery,BELONGS_TO_GENRE,Genre,Drama,1,2012,genre tag
Film,Mystery,BELONGS_TO_GENRE,Genre,Mystery,1,2012,genre tag
Film,Mystery,HAS_THEME,Theme,secrecy,1,2012,theme tag
Film,Mystery,HAS_THEME,Theme,family,1,2012,theme tag
Film,Mystery,HAS_THEME,Theme,tension,1,2012,theme tag
Film,Mystery,USES_LANGUAGE,Language,Mandarin,1,2012,language
Film,Mystery,MARKET_TYPE,AudienceSegment,festival,1,2012,market label
Film,Mystery,DISTRIBUTED_ON,Platform,Theatrical,1,2012,distribution
Film,Mystery,DISTRIBUTED_ON,Platform,iQiyi,1,2012,distribution
Film,Mystery,ASSOCIATED_WITH_AWARD,Award,Cannes Competition,1,2012,award mention
Film,Mystery,DIRECTED_BY,Person,Lou Ye,2,2012,director
Film,Mystery,ACTED_IN,Person,Hao Lei,1.5,2012,principal cast
Film,Mystery,ACTED_IN,Person,Qin Hao,1.5,2012,principal cast
Film,Mystery,APPEALS_TO,AudienceSegment,Prestige-drama audience,1,2012,audience segment
Person,Hao Lei,COLLABORATED_WITH,Person,Qin Hao,0.7,2012,Mystery
Person,Qin Hao,COLLABORATED_WITH,Person,Hao Lei,0.7,2012,Mystery
Film,Long Day's Journey into Night,RELEASED_IN,Country,China,1,2018,release geography
Film,Long Day's Journey into Night,BELONGS_TO_GENRE,Genre,Drama,1,2018,genre tag
Film,Long Day's Journey into Night,BELONGS_TO_GENRE,Genre,Mystery,1,2018,genre tag
Film,Long Day's Journey into Night,BELONGS_TO_GENRE,Genre,Art House,1,2018,genre tag
Film,Long Day's Journey into Night,HAS_THEME,Theme,memory,1,2018,theme tag
Film,Long Day's Journey into Night,HAS_THEME,Theme,dreams,1,2018,theme tag
Film,Long Day's Journey into Night,HAS_THEME,Theme,return,1,2018,theme tag
Film,Long Day's Journey into Night,USES_LANGUAGE,Language,Mandarin,1,2018,language
Film,Long Day's Journey into Night,MARKET_TYPE,AudienceSegment,festival,1,2018,market label
Film,Long Day's Journey into Night,DISTRIBUTED_ON,Platform,Theatrical,1,2018,distribution
Film,Long Day's Journey into Night,DISTRIBUTED_ON,Platform,MUBI,1,2018,distribution
Film,Long Day's Journey into Night,ASSOCIATED_WITH_AWARD,Award,Cannes Un Certain Regard,1,2018,award mention
Film,Long Day's Journey into Night,DIRECTED_BY,Person,Bi Gan,2,2018,director
Film,Long Day's Journey into Night,ACTED_IN,Person,Huang Jue,1.5,2018,principal cast
Film,Long Day's Journey into Night,ACTED_IN,Person,Tang Wei,1.5,2018,principal cast
Film,Long Day's Journey into Night,APPEALS_TO,AudienceSegment,Prestige-drama audience,1,2018,audience segment
Person,Huang Jue,COLLABORATED_WITH,Person,Tang Wei,0.7,2018,Long Day's Journey into Night
Person,Tang Wei,COLLABORATED_WITH,Person,Huang Jue,0.7,2018,Long Day's Journey into Night
Film,The World,RELEASED_IN,Country,China,1,2004,release geography
Film,The World,BELONGS_TO_GENRE,Genre,Drama,1,2004,genre tag
Film,The World,HAS_THEME,Theme,globalization,1,2004,theme tag
Film,The World,HAS_THEME,Theme,labor,1,2004,theme tag
Film,The World,HAS_THEME,Theme,illusion,1,2004,theme tag
Film,The World,USES_LANGUAGE,Language,Mandarin,1,2004,language
Film,The World,MARKET_TYPE,AudienceSegment,festival,1,2004,market label
Film,The World,DISTRIBUTED_ON,Platform,Theatrical,1,2004,distribution
Film,The World,DISTRIBUTED_ON,Platform,Criterion Channel,1,2004,distribution
Film,The World,ASSOCIATED_WITH_AWARD,Award,Venice Competition,1,2004,award mention
Film,The World,DIRECTED_BY,Person,Jia Zhangke,2,2004,director
Film,The World,ACTED_IN,Person,Zhao Tao,1.5,2004,principal cast
Film,The World,ACTED_IN,Person,Jing Jue,1.5,2004,principal cast
Film,The World,APPEALS_TO,AudienceSegment,Prestige-drama audience,1,2004,audience segment
Person,Jing Jue,COLLABORATED_WITH,Person,Zhao Tao,0.7,2004,The World
Person,Zhao Tao,COLLABORATED_WITH,Person,Jing Jue,0.7,2004,The World
Film,The Promise,RELEASED_IN,Country,China,1,2005,release geography
Film,The Promise,BELONGS_TO_GENRE,Genre,Fantasy,1,2005,genre tag
Film,The Promise,BELONGS_TO_GENRE,Genre,Action,1,2005,genre tag
Film,The Promise,HAS_THEME,Theme,destiny,1,2005,theme tag
Film,The Promise,HAS_THEME,Theme,war,1,2005,theme tag
Film,The Promise,HAS_THEME,Theme,spectacle,1,2005,theme tag
Film,The Promise,USES_LANGUAGE,Language,Mandarin,1,2005,language
Film,The Promise,MARKET_TYPE,AudienceSegment,international,1,2005,market label
Film,The Promise,DISTRIBUTED_ON,Platform,Theatrical,1,2005,distribution
Film,The Promise,DISTRIBUTED_ON,Platform,iQiyi,1,2005,distribution
Film,The Promise,ASSOCIATED_WITH_AWARD,Award,Asian Film Awards nomination,1,2005,award mention
Film,The Promise,DIRECTED_BY,Person,Chen Kaige,2,2005,director
Film,The Promise,ACTED_IN,Person,Cecilia Cheung,1.5,2005,principal cast
Film,The Promise,ACTED_IN,Person,Jang Dong-gun,1.5,2005,principal cast
Film,The Promise,ACTED_IN,Person,Hiroyuki Sanada,1.5,2005,principal cast
Film,The Promise,APPEALS_TO,AudienceSegment,Action franchise audience,1,2005,audience segment
Person,Cecilia Cheung,COLLABORATED_WITH,Person,Hiroyuki Sanada,0.7,2005,The Promise
Person,Hiroyuki Sanada,COLLABORATED_WITH,Person,Cecilia Cheung,0.7,2005,The Promise
Person,Cecilia Cheung,COLLABORATED_WITH,Person,Jang Dong-gun,0.7,2005,The Promise
Person,Jang Dong-gun,COLLABORATED_WITH,Person,Cecilia Cheung,0.7,2005,The Promise
Person,Hiroyuki Sanada,COLLABORATED_WITH,Person,Jang Dong-gun,0.7,2005,The Promise
Person,Jang Dong-gun,COLLABORATED_WITH,Person,Hiroyuki Sanada,0.7,2005,The Promise
Film,The Warlords,RELEASED_IN,Country,China,1,2007,release geography
Film,The Warlords,BELONGS_TO_GENRE,Genre,Action,1,2007,genre tag
Film,The Warlords,BELONGS_TO_GENRE,Genre,Drama,1,2007,genre tag
Film,The Warlords,HAS_THEME,Theme,brotherhood,1,2007,theme tag
Film,The Warlords,HAS_THEME,Theme,war,1,2007,theme tag
Film,The Warlords,HAS_THEME,Theme,ambition,1,2007,theme tag
Film,The Warlords,USES_LANGUAGE,Language,Mandarin,1,2007,language
Film,The Warlords,MARKET_TYPE,AudienceSegment,international,1,2007,market label
Film,The Warlords,DISTRIBUTED_ON,Platform,Theatrical,1,2007,distribution
Film,The Warlords,DISTRIBUTED_ON,Platform,Criterion Channel,1,2007,distribution
Film,The Warlords,ASSOCIATED_WITH_AWARD,Award,Hong Kong Film Awards,1,2007,award mention
Film,The Warlords,DIRECTED_BY,Person,Peter Chan,2,2007,director
Film,The Warlords,ACTED_IN,Person,Jet Li,1.5,2007,principal cast
Film,The Warlords,ACTED_IN,Person,Andy Lau,1.5,2007,principal cast
Film,The Warlords,ACTED_IN,Person,Takeshi Kaneshiro,1.5,2007,principal cast
Film,The Warlords,APPEALS_TO,AudienceSegment,Prestige-drama audience,1,2007,audience segment
Person,Andy Lau,COLLABORATED_WITH,Person,Jet Li,0.7,2007,The Warlords
Person,Jet Li,COLLABORATED_WITH,Person,Andy Lau,0.7,2007,The Warlords
Person,Andy Lau,COLLABORATED_WITH,Person,Takeshi Kaneshiro,0.7,2007,The Warlords
Person,Takeshi Kaneshiro,COLLABORATED_WITH,Person,Andy Lau,0.7,2007,The Warlords
Person,Jet Li,COLLABORATED_WITH,Person,Takeshi Kaneshiro,0.7,2007,The Warlords
Person,Takeshi Kaneshiro,COLLABORATED_WITH,Person,Jet Li,0.7,2007,The Warlords
Film,Dearest,RELEASED_IN,Country,China,1,2014,release geography
Film,Dearest,BELONGS_TO_GENRE,Genre,Drama,1,2014,genre tag
Film,Dearest,HAS_THEME,Theme,family,1,2014,theme tag
Film,Dearest,HAS_THEME,Theme,search,1,2014,theme tag
Film,Dearest,HAS_THEME,Theme,loss,1,2014,theme tag
Film,Dearest,USES_LANGUAGE,Language,Mandarin,1,2014,language
Film,Dearest,MARKET_TYPE,AudienceSegment,domestic,1,2014,market label
Film,Dearest,DISTRIBUTED_ON,Platform,Theatrical,1,2014,distribution
Film,Dearest,DISTRIBUTED_ON,Platform,Tencent Video,1,2014,distribution
Film,Dearest,ASSOCIATED_WITH_AWARD,Award,Hong Kong Film Awards,1,2014,award mention
Film,Dearest,DIRECTED_BY,Person,Peter Chan,2,2014,director
Film,Dearest,ACTED_IN,Person,Zhao Wei,1.5,2014,principal cast
Film,Dearest,ACTED_IN,Person,Huang Bo,1.5,2014,principal cast
Film,Dearest,ACTED_IN,Person,Tong Dawei,1.5,2014,principal cast
Film,Dearest,APPEALS_TO,AudienceSegment,Mainstream audience,1,2014,audience segment
Person,Huang Bo,COLLABORATED_WITH,Person,Tong Dawei,0.7,2014,Dearest
Person,Tong Dawei,COLLABORATED_WITH,Person,Huang Bo,0.7,2014,Dearest
Person,Huang Bo,COLLABORATED_WITH,Person,Zhao Wei,0.7,2014,Dearest
Person,Zhao Wei,COLLABORATED_WITH,Person,Huang Bo,0.7,2014,Dearest
Person,Tong Dawei,COLLABORATED_WITH,Person,Zhao Wei,0.7,2014,Dearest
Person,Zhao Wei,COLLABORATED_WITH,Person,Tong Dawei,0.7,2014,Dearest
Film,A Simple Life,RELEASED_IN,Country,Hong Kong,1,2011,release geography
Film,A Simple Life,BELONGS_TO_GENRE,Genre,Drama,1,2011,genre tag
Film,A Simple Life,HAS_THEME,Theme,care,1,2011,theme tag
Film,A Simple Life,HAS_THEME,Theme,aging,1,2011,theme tag
Film,A Simple Life,HAS_THEME,Theme,dignity,1,2011,theme tag
Film,A Simple Life,USES_LANGUAGE,Language,Cantonese,1,2011,language
Film,A Simple Life,MARKET_TYPE,AudienceSegment,festival,1,2011,market label
Film,A Simple Life,DISTRIBUTED_ON,Platform,Theatrical,1,2011,distribution
Film,A Simple Life,DISTRIBUTED_ON,Platform,Criterion Channel,1,2011,distribution
Film,A Simple Life,ASSOCIATED_WITH_AWARD,Award,Venice Best Actress,1,2011,award mention
Film,A Simple Life,DIRECTED_BY,Person,Ann Hui,2,2011,director
Film,A Simple Life,ACTED_IN,Person,Andy Lau,1.5,2011,principal cast
Film,A Simple Life,ACTED_IN,Person,Deanie Ip,1.5,2011,principal cast
Film,A Simple Life,APPEALS_TO,AudienceSegment,Prestige-drama audience,1,2011,audience segment
Person,Andy Lau,COLLABORATED_WITH,Person,Deanie Ip,0.7,2011,A Simple Life
Person,Deanie Ip,COLLABORATED_WITH,Person,Andy Lau,0.7,2011,A Simple Life
Film,The Golden Era,RELEASED_IN,Country,Hong Kong,1,2014,release geography
Film,The Golden Era,BELONGS_TO_GENRE,Genre,Drama,1,2014,genre tag
Film,The Golden Era,BELONGS_TO_GENRE,Genre,Biography,1,2014,genre tag
Film,The Golden Era,HAS_THEME,Theme,history,1,2014,theme tag
Film,The Golden Era,HAS_THEME,Theme,literature,1,2014,theme tag
Film,The Golden Era,HAS_THEME,Theme,memory,1,2014,theme tag
Film,The Golden Era,USES_LANGUAGE,Language,Mandarin,1,2014,language
Film,The Golden Era,MARKET_TYPE,AudienceSegment,festival,1,2014,market label
Film,The Golden Era,DISTRIBUTED_ON,Platform,Theatrical,1,2014,distribution
Film,The Golden Era,DISTRIBUTED_ON,Platform,MUBI,1,2014,distribution
Film,The Golden Era,ASSOCIATED_WITH_AWARD,Award,Hong Kong Film Awards,1,2014,award mention
Film,The Golden Era,DIRECTED_BY,Person,Ann Hui,2,2014,director
Film,The Golden Era,ACTED_IN,Person,Tang Wei,1.5,2014,principal cast
Film,The Golden Era,ACTED_IN,Person,Feng Shaofeng,1.5,2014,principal cast
Film,The Golden Era,APPEALS_TO,AudienceSegment,Prestige-drama audience,1,2014,audience segment
Person,Feng Shaofeng,COLLABORATED_WITH,Person,Tang Wei,0.7,2014,The Golden Era
Person,Tang Wei,COLLABORATED_WITH,Person,Feng Shaofeng,0.7,2014,The Golden Era
Film,Shaolin Soccer,RELEASED_IN,Country,Hong Kong,1,2001,release geography
Film,Shaolin Soccer,BELONGS_TO_GENRE,Genre,Comedy,1,2001,genre tag
Film,Shaolin Soccer,BELONGS_TO_GENRE,Genre,Sports,1,2001,genre tag
Film,Shaolin Soccer,BELONGS_TO_GENRE,Genre,Action,1,2001,genre tag
Film,Shaolin Soccer,HAS_THEME,Theme,underdog,1,2001,theme tag
Film,Shaolin Soccer,HAS_THEME,Theme,parody,1,2001,theme tag
Film,Shaolin Soccer,HAS_THEME,Theme,teamwork,1,2001,theme tag
Film,Shaolin Soccer,USES_LANGUAGE,Language,Cantonese,1,2001,language
Film,Shaolin Soccer,MARKET_TYPE,AudienceSegment,international,1,2001,market label
Film,Shaolin Soccer,DISTRIBUTED_ON,Platform,Theatrical,1,2001,distribution
Film,Shaolin Soccer,DISTRIBUTED_ON,Platform,Netflix,1,2001,distribution
Film,Shaolin Soccer,ASSOCIATED_WITH_AWARD,Award,Hong Kong Film Awards,1,2001,award mention
Film,Shaolin Soccer,DIRECTED_BY,Person,Stephen Chow,2,2001,director
Film,Shaolin Soccer,ACTED_IN,Person,Stephen Chow,1.5,2001,principal cast
Film,Shaolin Soccer,ACTED_IN,Person,Ng Man-tat,1.5,2001,principal cast
Film,Shaolin Soccer,ACTED_IN,Person,Zhao Wei,1.5,2001,principal cast
Film,Shaolin Soccer,APPEALS_TO,AudienceSegment,Action franchise audience,1,2001,audience segment
Person,Ng Man-tat,COLLABORATED_WITH,Person,Stephen Chow,0.7,2001,Shaolin Soccer
Person,Stephen Chow,COLLABORATED_WITH,Person,Ng Man-tat,0.7,2001,Shaolin Soccer
Person,Ng Man-tat,COLLABORATED_WITH,Person,Zhao Wei,0.7,2001,Shaolin Soccer
Person,Zhao Wei,COLLABORATED_WITH,Person,Ng Man-tat,0.7,2001,Shaolin Soccer
Person,Stephen Chow,COLLABORATED_WITH,Person,Zhao Wei,0.7,2001,Shaolin Soccer
Person,Zhao Wei,COLLABORATED_WITH,Person,Stephen Chow,0.7,2001,Shaolin Soccer
Film,Kung Fu Hustle,RELEASED_IN,Country,Hong Kong,1,2004,release geography
Film,Kung Fu Hustle,BELONGS_TO_GENRE,Genre,Action,1,2004,genre tag
Film,Kung Fu Hustle,BELONGS_TO_GENRE,Genre,Comedy,1,2004,genre tag
Film,Kung Fu Hustle,HAS_THEME,Theme,slapstick,1,2004,theme tag
Film,Kung Fu Hustle,HAS_THEME,Theme,martial arts,1,2004,theme tag
Film,Kung Fu Hustle,HAS_THEME,Theme,myth,1,2004,theme tag
Film,Kung Fu Hustle,USES_LANGUAGE,Language,Cantonese,1,2004,language
Film,Kung Fu Hustle,MARKET_TYPE,AudienceSegment,international,1,2004,market label
Film,Kung Fu Hustle,DISTRIBUTED_ON,Platform,Theatrical,1,2004,distribution
Film,Kung Fu Hustle,DISTRIBUTED_ON,Platform,Netflix,1,2004,distribution
Film,Kung Fu Hustle,ASSOCIATED_WITH_AWARD,Award,Hong Kong Film Awards,1,2004,award mention
Film,Kung Fu Hustle,ASSOCIATED_WITH_AWARD,Award,BAFTA nomination,1,2004,award mention
Film,Kung Fu Hustle,DIRECTED_BY,Person,Stephen Chow,2,2004,director
Film,Kung Fu Hustle,ACTED_IN,Person,Stephen Chow,1.5,2004,principal cast
Film,Kung Fu Hustle,ACTED_IN,Person,Yuen Wah,1.5,2004,principal cast
Film,Kung Fu Hustle,ACTED_IN,Person,Huang Shengyi,1.5,2004,principal cast
Film,Kung Fu Hustle,APPEALS_TO,AudienceSegment,Action franchise audience,1,2004,audience segment
Person,Huang Shengyi,COLLABORATED_WITH,Person,Stephen Chow,0.7,2004,Kung Fu Hustle
Person,Stephen Chow,COLLABORATED_WITH,Person,Huang Shengyi,0.7,2004,Kung Fu Hustle
Person,Huang Shengyi,COLLABORATED_WITH,Person,Yuen Wah,0.7,2004,Kung Fu Hustle
Person,Yuen Wah,COLLABORATED_WITH,Person,Huang Shengyi,0.7,2004,Kung Fu Hustle
Person,Stephen Chow,COLLABORATED_WITH,Person,Yuen Wah,0.7,2004,Kung Fu Hustle
Person,Yuen Wah,COLLABORATED_WITH,Person,Stephen Chow,0.7,2004,Kung Fu Hustle
Film,The Mermaid,RELEASED_IN,Country,China,1,2016,release geography
Film,The Mermaid,BELONGS_TO_GENRE,Genre,Comedy,1,2016,genre tag
Film,The Mermaid,BELONGS_TO_GENRE,Genre,Fantasy,1,2016,genre tag
Film,The Mermaid,HAS_THEME,Theme,environment,1,2016,theme tag
Film,The Mermaid,HAS_THEME,Theme,comedy,1,2016,theme tag
Film,The Mermaid,HAS_THEME,Theme,speculation,1,2016,theme tag
Film,The Mermaid,USES_LANGUAGE,Language,Mandarin,1,2016,language
Film,The Mermaid,MARKET_TYPE,AudienceSegment,domestic,1,2016,market label
Film,The Mermaid,DISTRIBUTED_ON,Platform,Theatrical,1,2016,distribution
Film,The Mermaid,DISTRIBUTED_ON,Platform,iQiyi,1,2016,distribution
Film,The Mermaid,ASSOCIATED_WITH_AWARD,Award,Golden Rooster Awards,1,2016,award mention
Film,The Mermaid,DIRECTED_BY,Person,Stephen Chow,2,2016,director
Film,The Mermaid,ACTED_IN,Person,Deng Chao,1.5,2016,principal cast
Film,The Mermaid,ACTED_IN,Person,Lin Yun,1.5,2016,principal cast
Film,The Mermaid,ACTED_IN,Person,Show Luo,1.5,2016,principal cast
Film,The Mermaid,APPEALS_TO,AudienceSegment,Mainstream audience,1,2016,audience segment
Person,Deng Chao,COLLABORATED_WITH,Person,Lin Yun,0.7,2016,The Mermaid
Person,Lin Yun,COLLABORATED_WITH,Person,Deng Chao,0.7,2016,The Mermaid
Person,Deng Chao,COLLABORATED_WITH,Person,Show Luo,0.7,2016,The Mermaid
Person,Show Luo,COLLABORATED_WITH,Person,Deng Chao,0.7,2016,The Mermaid
Person,Lin Yun,COLLABORATED_WITH,Person,Show Luo,0.7,2016,The Mermaid
Person,Show Luo,COLLABORATED_WITH,Person,Lin Yun,0.7,2016,The Mermaid
Film,The Wandering Earth,RELEASED_IN,Country,China,1,2019,release geography
Film,The Wandering Earth,BELONGS_TO_GENRE,Genre,Sci-Fi,1,2019,genre tag
Film,The Wandering Earth,BELONGS_TO_GENRE,Genre,Adventure,1,2019,genre tag
Film,The Wandering Earth,HAS_THEME,Theme,sacrifice,1,2019,theme tag
Film,The Wandering Earth,HAS_THEME,Theme,global catastrophe,1,2019,theme tag
Film,The Wandering Earth,HAS_THEME,Theme,family,1,2019,theme tag
Film,The Wandering Earth,USES_LANGUAGE,Language,Mandarin,1,2019,language
Film,The Wandering Earth,MARKET_TYPE,AudienceSegment,cross-cultural,1,2019,market label
Film,The Wandering Earth,DISTRIBUTED_ON,Platform,Theatrical,1,2019,distribution
Film,The Wandering Earth,DISTRIBUTED_ON,Platform,Netflix,1,2019,distribution
Film,The Wandering Earth,ASSOCIATED_WITH_AWARD,Award,Golden Rooster Awards,1,2019,award mention
Film,The Wandering Earth,DIRECTED_BY,Person,Frant Gwo,2,2019,director
Film,The Wandering Earth,ACTED_IN,Person,Wu Jing,1.5,2019,principal cast
Film,The Wandering Earth,ACTED_IN,Person,Qu Chuxiao,1.5,2019,principal cast
Film,The Wandering Earth,ACTED_IN,Person,Li Guangjie,1.5,2019,principal cast
Film,The Wandering Earth,APPEALS_TO,AudienceSegment,Action franchise audience,1,2019,audience segment
Person,Li Guangjie,COLLABORATED_WITH,Person,Qu Chuxiao,0.7,2019,The Wandering Earth
Person,Qu Chuxiao,COLLABORATED_WITH,Person,Li Guangjie,0.7,2019,The Wandering Earth
Person,Li Guangjie,COLLABORATED_WITH,Person,Wu Jing,0.7,2019,The Wandering Earth
Person,Wu Jing,COLLABORATED_WITH,Person,Li Guangjie,0.7,2019,The Wandering Earth
Person,Qu Chuxiao,COLLABORATED_WITH,Person,Wu Jing,0.7,2019,The Wandering Earth
Person,Wu Jing,COLLABORATED_WITH,Person,Qu Chuxiao,0.7,2019,The Wandering Earth
Film,The Wandering Earth II,RELEASED_IN,Country,China,1,2023,release geography
Film,The Wandering Earth II,BELONGS_TO_GENRE,Genre,Sci-Fi,1,2023,genre tag
Film,The Wandering Earth II,BELONGS_TO_GENRE,Genre,Adventure,1,2023,genre tag
Film,The Wandering Earth II,HAS_THEME,Theme,time,1,2023,theme tag
Film,The Wandering Earth II,HAS_THEME,Theme,global cooperation,1,2023,theme tag
Film,The Wandering Earth II,HAS_THEME,Theme,survival,1,2023,theme tag
Film,The Wandering Earth II,USES_LANGUAGE,Language,Mandarin,1,2023,language
Film,The Wandering Earth II,MARKET_TYPE,AudienceSegment,cross-cultural,1,2023,market label
Film,The Wandering Earth II,DISTRIBUTED_ON,Platform,Theatrical,1,2023,distribution
Film,The Wandering Earth II,DISTRIBUTED_ON,Platform,Netflix,1,2023,distribution
Film,The Wandering Earth II,ASSOCIATED_WITH_AWARD,Award,Golden Rooster Awards nomination,1,2023,award mention
Film,The Wandering Earth II,DIRECTED_BY,Person,Frant Gwo,2,2023,director
Film,The Wandering Earth II,ACTED_IN,Person,Wu Jing,1.5,2023,principal cast
Film,The Wandering Earth II,ACTED_IN,Person,Andy Lau,1.5,2023,principal cast
Film,The Wandering Earth II,ACTED_IN,Person,Li Xuejian,1.5,2023,principal cast
Film,The Wandering Earth II,APPEALS_TO,AudienceSegment,Action franchise audience,1,2023,audience segment
Person,Andy Lau,COLLABORATED_WITH,Person,Li Xuejian,0.7,2023,The Wandering Earth II
Person,Li Xuejian,COLLABORATED_WITH,Person,Andy Lau,0.7,2023,The Wandering Earth II
Person,Andy Lau,COLLABORATED_WITH,Person,Wu Jing,0.7,2023,The Wandering Earth II
Person,Wu Jing,COLLABORATED_WITH,Person,Andy Lau,0.7,2023,The Wandering Earth II
Person,Li Xuejian,COLLABORATED_WITH,Person,Wu Jing,0.7,2023,The Wandering Earth II
Person,Wu Jing,COLLABORATED_WITH,Person,Li Xuejian,0.7,2023,The Wandering Earth II
Film,Crazy Stone,RELEASED_IN,Country,China,1,2006,release geography
Film,Crazy Stone,BELONGS_TO_GENRE,Genre,Comedy,1,2006,genre tag
Film,Crazy Stone,BELONGS_TO_GENRE,Genre,Crime,1,2006,genre tag
Film,Crazy Stone,HAS_THEME,Theme,misdirection,1,2006,theme tag
Film,Crazy Stone,HAS_THEME,Theme,money,1,2006,theme tag
Film,Crazy Stone,HAS_THEME,Theme,street hustles,1,2006,theme tag
Film,Crazy Stone,USES_LANGUAGE,Language,Mandarin,1,2006,language
Film,Crazy Stone,MARKET_TYPE,AudienceSegment,domestic,1,2006,market label
Film,Crazy Stone,DISTRIBUTED_ON,Platform,Theatrical,1,2006,distribution
Film,Crazy Stone,DISTRIBUTED_ON,Platform,iQiyi,1,2006,distribution
Film,Crazy Stone,ASSOCIATED_WITH_AWARD,Award,Golden Horse nomination,1,2006,award mention
Film,Crazy Stone,DIRECTED_BY,Person,Ning Hao,2,2006,director
Film,Crazy Stone,ACTED_IN,Person,Guo Tao,1.5,2006,principal cast
Film,Crazy Stone,ACTED_IN,Person,Huang Bo,1.5,2006,principal cast
Film,Crazy Stone,APPEALS_TO,AudienceSegment,Mainstream audience,1,2006,audience segment
Person,Guo Tao,COLLABORATED_WITH,Person,Huang Bo,0.7,2006,Crazy Stone
Person,Huang Bo,COLLABORATED_WITH,Person,Guo Tao,0.7,2006,Crazy Stone
Film,Crazy Alien,RELEASED_IN,Country,China,1,2019,release geography
Film,Crazy Alien,BELONGS_TO_GENRE,Genre,Comedy,1,2019,genre tag
Film,Crazy Alien,BELONGS_TO_GENRE,Genre,Sci-Fi,1,2019,genre tag
Film,Crazy Alien,HAS_THEME,Theme,alien encounter,1,2019,theme tag
Film,Crazy Alien,HAS_THEME,Theme,satire,1,2019,theme tag
Film,Crazy Alien,HAS_THEME,Theme,chaos,1,2019,theme tag
Film,Crazy Alien,USES_LANGUAGE,Language,Mandarin,1,2019,language
Film,Crazy Alien,MARKET_TYPE,AudienceSegment,domestic,1,2019,market label
Film,Crazy Alien,DISTRIBUTED_ON,Platform,Theatrical,1,2019,distribution
Film,Crazy Alien,DISTRIBUTED_ON,Platform,Tencent Video,1,2019,distribution
Film,Crazy Alien,ASSOCIATED_WITH_AWARD,Award,Golden Rooster Awards nomination,1,2019,award mention
Film,Crazy Alien,DIRECTED_BY,Person,Ning Hao,2,2019,director
Film,Crazy Alien,ACTED_IN,Person,Huang Bo,1.5,2019,principal cast
Film,Crazy Alien,ACTED_IN,Person,Shen Teng,1.5,2019,principal cast
Film,Crazy Alien,APPEALS_TO,AudienceSegment,Mainstream audience,1,2019,audience segment
Person,Huang Bo,COLLABORATED_WITH,Person,Shen Teng,0.7,2019,Crazy Alien
Person,Shen Teng,COLLABORATED_WITH,Person,Huang Bo,0.7,2019,Crazy Alien
Film,"Black Coal, Thin Ice",RELEASED_IN,Country,China,1,2014,release geography
Film,"Black Coal, Thin Ice",BELONGS_TO_GENRE,Genre,Crime,1,2014,genre tag
Film,"Black Coal, Thin Ice",BELONGS_TO_GENRE,Genre,Thriller,1,2014,genre tag
Film,"Black Coal, Thin Ice",HAS_THEME,Theme,crime,1,2014,theme tag
Film,"Black Coal, Thin Ice",HAS_THEME,Theme,winter,1,2014,theme tag
Film,"Black Coal, Thin Ice",HAS_THEME,Theme,obsession,1,2014,theme tag
Film,"Black Coal, Thin Ice",USES_LANGUAGE,Language,Mandarin,1,2014,language
Film,"Black Coal, Thin Ice",MARKET_TYPE,AudienceSegment,festival,1,2014,market label
Film,"Black Coal, Thin Ice",DISTRIBUTED_ON,Platform,Theatrical,1,2014,distribution
Film,"Black Coal, Thin Ice",DISTRIBUTED_ON,Platform,MUBI,1,2014,distribution
Film,"Black Coal, Thin Ice",ASSOCIATED_WITH_AWARD,Award,Berlin Golden Bear,1,2014,award mention
Film,"Black Coal, Thin Ice",DIRECTED_BY,Person,Diao Yinan,2,2014,director
Film,"Black Coal, Thin Ice",ACTED_IN,Person,Liao Fan,1.5,2014,principal cast
Film,"Black Coal, Thin Ice",ACTED_IN,Person,Gwei Lun-mei,1.5,2014,principal cast
Film,"Black Coal, Thin Ice",APPEALS_TO,AudienceSegment,Mainstream audience,1,2014,audience segment
Person,Gwei Lun-mei,COLLABORATED_WITH,Person,Liao Fan,0.7,2014,"Black Coal, Thin Ice"
Person,Liao Fan,COLLABORATED_WITH,Person,Gwei Lun-mei,0.7,2014,"Black Coal, Thin Ice"
Film,Lost in Thailand,RELEASED_IN,Country,China,1,2012,release geography
Film,Lost in Thailand,BELONGS_TO_GENRE,Genre,Comedy,1,2012,genre tag
Film,Lost in Thailand,BELONGS_TO_GENRE,Genre,Adventure,1,2012,genre tag
Film,Lost in Thailand,HAS_THEME,Theme,travel,1,2012,theme tag
Film,Lost in Thailand,HAS_THEME,Theme,buddy comedy,1,2012,theme tag
Film,Lost in Thailand,HAS_THEME,Theme,commerce,1,2012,theme tag
Film,Lost in Thailand,USES_LANGUAGE,Language,Mandarin,1,2012,language
Film,Lost in Thailand,MARKET_TYPE,AudienceSegment,domestic,1,2012,market label
Film,Lost in Thailand,DISTRIBUTED_ON,Platform,Theatrical,1,2012,distribution
Film,Lost in Thailand,DISTRIBUTED_ON,Platform,iQiyi,1,2012,distribution
Film,Lost in Thailand,ASSOCIATED_WITH_AWARD,Award,Golden Horse nomination,1,2012,award mention
Film,Lost in Thailand,DIRECTED_BY,Person,Xu Zheng,2,2012,director
Film,Lost in Thailand,ACTED_IN,Person,Xu Zheng,1.5,2012,principal cast
Film,Lost in Thailand,ACTED_IN,Person,Wang Baoqiang,1.5,2012,principal cast
Film,Lost in Thailand,ACTED_IN,Person,Huang Bo,1.5,2012,principal cast
Film,Lost in Thailand,APPEALS_TO,AudienceSegment,Action franchise audience,1,2012,audience segment
Person,Huang Bo,COLLABORATED_WITH,Person,Wang Baoqiang,0.7,2012,Lost in Thailand
Person,Wang Baoqiang,COLLABORATED_WITH,Person,Huang Bo,0.7,2012,Lost in Thailand
Person,Huang Bo,COLLABORATED_WITH,Person,Xu Zheng,0.7,2012,Lost in Thailand
Person,Xu Zheng,COLLABORATED_WITH,Person,Huang Bo,0.7,2012,Lost in Thailand
Person,Wang Baoqiang,COLLABORATED_WITH,Person,Xu Zheng,0.7,2012,Lost in Thailand
Person,Xu Zheng,COLLABORATED_WITH,Person,Wang Baoqiang,0.7,2012,Lost in Thailand
Film,Pegasus,RELEASED_IN,Country,China,1,2019,release geography
Film,Pegasus,BELONGS_TO_GENRE,Genre,Comedy,1,2019,genre tag
Film,Pegasus,BELONGS_TO_GENRE,Genre,Sports,1,2019,genre tag
Film,Pegasus,HAS_THEME,Theme,competition,1,2019,theme tag
Film,Pegasus,HAS_THEME,Theme,comeback,1,2019,theme tag
Film,Pegasus,HAS_THEME,Theme,team,1,2019,theme tag
Film,Pegasus,USES_LANGUAGE,Language,Mandarin,1,2019,language
Film,Pegasus,MARKET_TYPE,AudienceSegment,domestic,1,2019,market label
Film,Pegasus,DISTRIBUTED_ON,Platform,Theatrical,1,2019,distribution
Film,Pegasus,DISTRIBUTED_ON,Platform,Tencent Video,1,2019,distribution
Film,Pegasus,ASSOCIATED_WITH_AWARD,Award,Golden Rooster nomination,1,2019,award mention
Film,Pegasus,DIRECTED_BY,Person,Han Han,2,2019,director
Film,Pegasus,ACTED_IN,Person,Shen Teng,1.5,2019,principal cast
Film,Pegasus,ACTED_IN,Person,Huang Jingyu,1.5,2019,principal cast
Film,Pegasus,ACTED_IN,Person,Yin Zheng,1.5,2019,principal cast
Film,Pegasus,APPEALS_TO,AudienceSegment,Mainstream audience,1,2019,audience segment
Person,Huang Jingyu,COLLABORATED_WITH,Person,Shen Teng,0.7,2019,Pegasus
Person,Shen Teng,COLLABORATED_WITH,Person,Huang Jingyu,0.7,2019,Pegasus
Person,Huang Jingyu,COLLABORATED_WITH,Person,Yin Zheng,0.7,2019,Pegasus
Person,Yin Zheng,COLLABORATED_WITH,Person,Huang Jingyu,0.7,2019,Pegasus
Person,Shen Teng,COLLABORATED_WITH,Person,Yin Zheng,0.7,2019,Pegasus
Person,Yin Zheng,COLLABORATED_WITH,Person,Shen Teng,0.7,2019,Pegasus
Film,The Continent,RELEASED_IN,Country,China,1,2014,release geography
Film,The Continent,BELONGS_TO_GENRE,Genre,Comedy,1,2014,genre tag
Film,The Continent,BELONGS_TO_GENRE,Genre,Road Movie,1,2014,genre tag
Film,The Continent,HAS_THEME,Theme,friendship,1,2014,theme tag
Film,The Continent,HAS_THEME,Theme,travel,1,2014,theme tag
Film,The Continent,HAS_THEME,Theme,disillusionment,1,2014,theme tag
Film,The Continent,USES_LANGUAGE,Language,Mandarin,1,2014,language
Film,The Continent,MARKET_TYPE,AudienceSegment,domestic,1,2014,market label
Film,The Continent,DISTRIBUTED_ON,Platform,Theatrical,1,2014,distribution
Film,The Continent,DISTRIBUTED_ON,Platform,iQiyi,1,2014,distribution
Film,The Continent,DIRECTED_BY,Person,Han Han,2,2014,director
Film,The Continent,ACTED_IN,Person,Deng Chao,1.5,2014,principal cast
Film,The Continent,ACTED_IN,Person,Lin Gengxin,1.5,2014,principal cast
Film,The Continent,APPEALS_TO,AudienceSegment,Mainstream audience,1,2014,audience segment
Person,Deng Chao,COLLABORATED_WITH,Person,Lin Gengxin,0.7,2014,The Continent
Person,Lin Gengxin,COLLABORATED_WITH,Person,Deng Chao,0.7,2014,The Continent
Film,Duckweed,RELEASED_IN,Country,China,1,2017,release geography
Film,Duckweed,BELONGS_TO_GENRE,Genre,Comedy,1,2017,genre tag
Film,Duckweed,BELONGS_TO_GENRE,Genre,Drama,1,2017,genre tag
Film,Duckweed,HAS_THEME,Theme,identity,1,2017,theme tag
Film,Duckweed,HAS_THEME,Theme,family,1,2017,theme tag
Film,Duckweed,HAS_THEME,Theme,road life,1,2017,theme tag
Film,Duckweed,USES_LANGUAGE,Language,Mandarin,1,2017,language
Film,Duckweed,MARKET_TYPE,AudienceSegment,domestic,1,2017,market label
Film,Duckweed,DISTRIBUTED_ON,Platform,Theatrical,1,2017,distribution
Film,Duckweed,DISTRIBUTED_ON,Platform,Tencent Video,1,2017,distribution
Film,Duckweed,DIRECTED_BY,Person,Han Han,2,2017,director
Film,Duckweed,ACTED_IN,Person,Deng Chao,1.5,2017,principal cast
Film,Duckweed,ACTED_IN,Person,Eddie Peng,1.5,2017,principal cast
Film,Duckweed,ACTED_IN,Person,Zhao Liying,1.5,2017,principal cast
Film,Duckweed,APPEALS_TO,AudienceSegment,Mainstream audience,1,2017,audience segment
Person,Deng Chao,COLLABORATED_WITH,Person,Eddie Peng,0.7,2017,Duckweed
Person,Eddie Peng,COLLABORATED_WITH,Person,Deng Chao,0.7,2017,Duckweed
Person,Deng Chao,COLLABORATED_WITH,Person,Zhao Liying,0.7,2017,Duckweed
Person,Zhao Liying,COLLABORATED_WITH,Person,Deng Chao,0.7,2017,Duckweed
Person,Eddie Peng,COLLABORATED_WITH,Person,Zhao Liying,0.7,2017,Duckweed
Person,Zhao Liying,COLLABORATED_WITH,Person,Eddie Peng,0.7,2017,Duckweed
Film,"Hi, Mom",RELEASED_IN,Country,China,1,2021,release geography
Film,"Hi, Mom",BELONGS_TO_GENRE,Genre,Comedy,1,2021,genre tag
Film,"Hi, Mom",BELONGS_TO_GENRE,Genre,Drama,1,2021,genre tag
Film,"Hi, Mom",BELONGS_TO_GENRE,Genre,Fantasy,1,2021,genre tag
Film,"Hi, Mom",HAS_THEME,Theme,motherhood,1,2021,theme tag
Film,"Hi, Mom",HAS_THEME,Theme,regret,1,2021,theme tag
Film,"Hi, Mom",HAS_THEME,Theme,second chance,1,2021,theme tag
Film,"Hi, Mom",USES_LANGUAGE,Language,Mandarin,1,2021,language
Film,"Hi, Mom",MARKET_TYPE,AudienceSegment,domestic,1,2021,market label
Film,"Hi, Mom",DISTRIBUTED_ON,Platform,Theatrical,1,2021,distribution
Film,"Hi, Mom",DISTRIBUTED_ON,Platform,iQiyi,1,2021,distribution
Film,"Hi, Mom",ASSOCIATED_WITH_AWARD,Award,Golden Rooster nomination,1,2021,award mention
Film,"Hi, Mom",DIRECTED_BY,Person,Jia Ling,2,2021,director
Film,"Hi, Mom",ACTED_IN,Person,Jia Ling,1.5,2021,principal cast
Film,"Hi, Mom",ACTED_IN,Person,Shen Teng,1.5,2021,principal cast
Film,"Hi, Mom",ACTED_IN,Person,Zhang Xiaofei,1.5,2021,principal cast
Film,"Hi, Mom",APPEALS_TO,AudienceSegment,Mainstream audience,1,2021,audience segment
Person,Jia Ling,COLLABORATED_WITH,Person,Shen Teng,0.7,2021,"Hi, Mom"
Person,Shen Teng,COLLABORATED_WITH,Person,Jia Ling,0.7,2021,"Hi, Mom"
Person,Jia Ling,COLLABORATED_WITH,Person,Zhang Xiaofei,0.7,2021,"Hi, Mom"
Person,Zhang Xiaofei,COLLABORATED_WITH,Person,Jia Ling,0.7,2021,"Hi, Mom"
Person,Shen Teng,COLLABORATED_WITH,Person,Zhang Xiaofei,0.7,2021,"Hi, Mom"
Person,Zhang Xiaofei,COLLABORATED_WITH,Person,Shen Teng,0.7,2021,"Hi, Mom"
Film,Better Days,RELEASED_IN,Country,China,1,2019,release geography
Film,Better Days,BELONGS_TO_GENRE,Genre,Drama,1,2019,genre tag
Film,Better Days,BELONGS_TO_GENRE,Genre,Crime,1,2019,genre tag
Film,Better Days,HAS_THEME,Theme,bullying,1,2019,theme tag
Film,Better Days,HAS_THEME,Theme,hope,1,2019,theme tag
Film,Better Days,HAS_THEME,Theme,youth,1,2019,theme tag
Film,Better Days,USES_LANGUAGE,Language,Mandarin,1,2019,language
Film,Better Days,MARKET_TYPE,AudienceSegment,cross-cultural,1,2019,market label
Film,Better Days,DISTRIBUTED_ON,Platform,Theatrical,1,2019,distribution
Film,Better Days,DISTRIBUTED_ON,Platform,Netflix,1,2019,distribution
Film,Better Days,ASSOCIATED_WITH_AWARD,Award,Oscar shortlist (China submission),1,2019,award mention
Film,Better Days,DIRECTED_BY,Person,Derek Tsang,2,2019,director
Film,Better Days,ACTED_IN,Person,Zhou Dongyu,1.5,2019,principal cast
Film,Better Days,ACTED_IN,Person,Jackson Yee,1.5,2019,principal cast
Film,Better Days,APPEALS_TO,AudienceSegment,Global streaming audience,1,2019,audience segment
Person,Jackson Yee,COLLABORATED_WITH,Person,Zhou Dongyu,0.7,2019,Better Days
Person,Zhou Dongyu,COLLABORATED_WITH,Person,Jackson Yee,0.7,2019,Better Days
Film,The Battle at Lake Changjin,RELEASED_IN,Country,China,1,2021,release geography
Film,The Battle at Lake Changjin,BELONGS_TO_GENRE,Genre,War,1,2021,genre tag
Film,The Battle at Lake Changjin,BELONGS_TO_GENRE,Genre,Historical,1,2021,genre tag
Film,The Battle at Lake Changjin,HAS_THEME,Theme,war,1,2021,theme tag
Film,The Battle at Lake Changjin,HAS_THEME,Theme,nation,1,2021,theme tag
Film,The Battle at Lake Changjin,HAS_THEME,Theme,sacrifice,1,2021,theme tag
Film,The Battle at Lake Changjin,USES_LANGUAGE,Language,Mandarin,1,2021,language
Film,The Battle at Lake Changjin,MARKET_TYPE,AudienceSegment,domestic,1,2021,market label
Film,The Battle at Lake Changjin,DISTRIBUTED_ON,Platform,Theatrical,1,2021,distribution
Film,The Battle at Lake Changjin,DISTRIBUTED_ON,Platform,Tencent Video,1,2021,distribution
Film,The Battle at Lake Changjin,ASSOCIATED_WITH_AWARD,Award,Golden Rooster Awards,1,2021,award mention
Film,The Battle at Lake Changjin,DIRECTED_BY,Person,Dante Lam,2,2021,director
Film,The Battle at Lake Changjin,ACTED_IN,Person,Wu Jing,1.5,2021,principal cast
Film,The Battle at Lake Changjin,ACTED_IN,Person,Jackson Yee,1.5,2021,principal cast
Film,The Battle at Lake Changjin,APPEALS_TO,AudienceSegment,Mainstream audience,1,2021,audience segment
Person,Jackson Yee,COLLABORATED_WITH,Person,Wu Jing,0.7,2021,The Battle at Lake Changjin
Person,Wu Jing,COLLABORATED_WITH,Person,Jackson Yee,0.7,2021,The Battle at Lake Changjin
Film,Ne Zha,RELEASED_IN,Country,China,1,2019,release geography
Film,Ne Zha,BELONGS_TO_GENRE,Genre,Animation,1,2019,genre tag
Film,Ne Zha,BELONGS_TO_GENRE,Genre,Fantasy,1,2019,genre tag
Film,Ne Zha,BELONGS_TO_GENRE,Genre,Adventure,1,2019,genre tag
Film,Ne Zha,HAS_THEME,Theme,destiny,1,2019,theme tag
Film,Ne Zha,HAS_THEME,Theme,rebellion,1,2019,theme tag
Film,Ne Zha,HAS_THEME,Theme,family,1,2019,theme tag
Film,Ne Zha,USES_LANGUAGE,Language,Mandarin,1,2019,language
Film,Ne Zha,MARKET_TYPE,AudienceSegment,domestic,1,2019,market label
Film,Ne Zha,DISTRIBUTED_ON,Platform,Theatrical,1,2019,distribution
Film,Ne Zha,DISTRIBUTED_ON,Platform,Netflix,1,2019,distribution
Film,Ne Zha,ASSOCIATED_WITH_AWARD,Award,Golden Rooster Awards,1,2019,award mention
Film,Ne Zha,DIRECTED_BY,Person,Jiaozi,2,2019,director
Film,Ne Zha,ACTED_IN,Person,Lü Yanting,1.5,2019,principal cast
Film,Ne Zha,APPEALS_TO,AudienceSegment,Action franchise audience,1,2019,audience segment
Film,Operation Red Sea,RELEASED_IN,Country,China,1,2018,release geography
Film,Operation Red Sea,BELONGS_TO_GENRE,Genre,Action,1,2018,genre tag
Film,Operation Red Sea,BELONGS_TO_GENRE,Genre,War,1,2018,genre tag
Film,Operation Red Sea,HAS_THEME,Theme,rescue,1,2018,theme tag
Film,Operation Red Sea,HAS_THEME,Theme,military,1,2018,theme tag
Film,Operation Red Sea,HAS_THEME,Theme,teamwork,1,2018,theme tag
Film,Operation Red Sea,USES_LANGUAGE,Language,Mandarin,1,2018,language
Film,Operation Red Sea,MARKET_TYPE,AudienceSegment,domestic,1,2018,market label
Film,Operation Red Sea,DISTRIBUTED_ON,Platform,Theatrical,1,2018,distribution
Film,Operation Red Sea,DISTRIBUTED_ON,Platform,iQiyi,1,2018,distribution
Film,Operation Red Sea,ASSOCIATED_WITH_AWARD,Award,Hong Kong Film Awards,1,2018,award mention
Film,Operation Red Sea,DIRECTED_BY,Person,Dante Lam,2,2018,director
Film,Operation Red Sea,ACTED_IN,Person,Zhang Yi,1.5,2018,principal cast
Film,Operation Red Sea,ACTED_IN,Person,Huang Jingyu,1.5,2018,principal cast
Film,Operation Red Sea,APPEALS_TO,AudienceSegment,Action franchise audience,1,2018,audience segment
Person,Huang Jingyu,COLLABORATED_WITH,Person,Zhang Yi,0.7,2018,Operation Red Sea
Person,Zhang Yi,COLLABORATED_WITH,Person,Huang Jingyu,0.7,2018,Operation Red Sea
Film,The Three-Body Problem,RELEASED_IN,Country,China,1,2024,release geography
Film,The Three-Body Problem,BELONGS_TO_GENRE,Genre,Sci-Fi,1,2024,genre tag
Film,The Three-Body Problem,BELONGS_TO_GENRE,Genre,Drama,1,2024,genre tag
Film,The Three-Body Problem,HAS_THEME,Theme,science,1,2024,theme tag
Film,The Three-Body Problem,HAS_THEME,Theme,first contact,1,2024,theme tag
Film,The Three-Body Problem,HAS_THEME,Theme,scale,1,2024,theme tag
Film,The Three-Body Problem,USES_LANGUAGE,Language,Mandarin,1,2024,language
Film,The Three-Body Problem,MARKET_TYPE,AudienceSegment,domestic,1,2024,market label
Film,The Three-Body Problem,DISTRIBUTED_ON,Platform,Tencent Video,1,2024,distribution
Film,The Three-Body Problem,ACTED_IN,Person,Liu Tao,1.5,2024,principal cast
Film,The Three-Body Problem,APPEALS_TO,AudienceSegment,Mainstream audience,1,2024,audience segment
Film,The Flowers of War,RELEASED_IN,Country,China,1,2011,release geography
Film,The Flowers of War,BELONGS_TO_GENRE,Genre,War,1,2011,genre tag
Film,The Flowers of War,BELONGS_TO_GENRE,Genre,Drama,1,2011,genre tag
Film,The Flowers of War,HAS_THEME,Theme,survival,1,2011,theme tag
Film,The Flowers of War,HAS_THEME,Theme,war,1,2011,theme tag
Film,The Flowers of War,HAS_THEME,Theme,sacrifice,1,2011,theme tag
Film,The Flowers of War,USES_LANGUAGE,Language,Mandarin,1,2011,language
Film,The Flowers of War,MARKET_TYPE,AudienceSegment,international,1,2011,market label
Film,The Flowers of War,DISTRIBUTED_ON,Platform,Theatrical,1,2011,distribution
Film,The Flowers of War,DISTRIBUTED_ON,Platform,MUBI,1,2011,distribution
Film,The Flowers of War,ASSOCIATED_WITH_AWARD,Award,Golden Horse nominations,1,2011,award mention
Film,The Flowers of War,DIRECTED_BY,Person,Zhang Yimou,2,2011,director
Film,The Flowers of War,ACTED_IN,Person,Christian Bale,1.5,2011,principal cast
Film,The Flowers of War,ACTED_IN,Person,Ni Ni,1.5,2011,principal cast
Film,The Flowers of War,APPEALS_TO,AudienceSegment,Prestige-drama audience,1,2011,audience segment
Person,Christian Bale,COLLABORATED_WITH,Person,Ni Ni,0.7,2011,The Flowers of War
Person,Ni Ni,COLLABORATED_WITH,Person,Christian Bale,0.7,2011,The Flowers of War
Film,Heroic Age of the East,RELEASED_IN,Country,China,1,2025,release geography
Film,Heroic Age of the East,BELONGS_TO_GENRE,Genre,Drama,1,2025,genre tag
Film,Heroic Age of the East,BELONGS_TO_GENRE,Genre,Historical,1,2025,genre tag
Film,Heroic Age of the East,HAS_THEME,Theme,heritage,1,2025,theme tag
Film,Heroic Age of the East,HAS_THEME,Theme,family,1,2025,theme tag
Film,Heroic Age of the East,HAS_THEME,Theme,legacy,1,2025,theme tag
Film,Heroic Age of the East,USES_LANGUAGE,Language,Mandarin,1,2025,language
Film,Heroic Age of the East,MARKET_TYPE,AudienceSegment,sample,1,2025,market label
Film,Heroic Age of the East,DISTRIBUTED_ON,Platform,Sample Streaming,1,2025,distribution
Film,Heroic Age of the East,ACTED_IN,Person,Zhang Yi,1.5,2025,principal cast
Film,Heroic Age of the East,ACTED_IN,Person,Liu Tao,1.5,2025,principal cast
Film,Heroic Age of the East,APPEALS_TO,AudienceSegment,Mainstream audience,1,2025,audience segment
Person,Liu Tao,COLLABORATED_WITH,Person,Zhang Yi,0.7,2025,Heroic Age of the East
Person,Zhang Yi,COLLABORATED_WITH,Person,Liu Tao,0.7,2025,Heroic Age of the East
Film,E.T. the Extra-Terrestrial,RELEASED_IN,Country,United States,1,1982,release geography
Film,E.T. the Extra-Terrestrial,BELONGS_TO_GENRE,Genre,Sci-Fi,1,1982,genre tag
Film,E.T. the Extra-Terrestrial,BELONGS_TO_GENRE,Genre,Family,1,1982,genre tag
Film,E.T. the Extra-Terrestrial,HAS_THEME,Theme,friendship,1,1982,theme tag
Film,E.T. the Extra-Terrestrial,HAS_THEME,Theme,home,1,1982,theme tag
Film,E.T. the Extra-Terrestrial,HAS_THEME,Theme,wonder,1,1982,theme tag
Film,E.T. the Extra-Terrestrial,USES_LANGUAGE,Language,English,1,1982,language
Film,E.T. the Extra-Terrestrial,MARKET_TYPE,AudienceSegment,classic,1,1982,market label
Film,E.T. the Extra-Terrestrial,DISTRIBUTED_ON,Platform,Theatrical,1,1982,distribution
Film,E.T. the Extra-Terrestrial,DISTRIBUTED_ON,Platform,Peacock,1,1982,distribution
Film,E.T. the Extra-Terrestrial,ASSOCIATED_WITH_AWARD,Award,Academy Awards,1,1982,award mention
Film,E.T. the Extra-Terrestrial,DIRECTED_BY,Person,Steven Spielberg,2,1982,director
Film,E.T. the Extra-Terrestrial,ACTED_IN,Person,Henry Thomas,1.5,1982,principal cast
Film,E.T. the Extra-Terrestrial,ACTED_IN,Person,Drew Barrymore,1.5,1982,principal cast
Film,E.T. the Extra-Terrestrial,APPEALS_TO,AudienceSegment,Mainstream audience,1,1982,audience segment
Person,Drew Barrymore,COLLABORATED_WITH,Person,Henry Thomas,0.7,1982,E.T. the Extra-Terrestrial
Person,Henry Thomas,COLLABORATED_WITH,Person,Drew Barrymore,0.7,1982,E.T. the Extra-Terrestrial
Film,Schindler's List,RELEASED_IN,Country,United States,1,1993,release geography
Film,Schindler's List,BELONGS_TO_GENRE,Genre,Drama,1,1993,genre tag
Film,Schindler's List,BELONGS_TO_GENRE,Genre,Historical,1,1993,genre tag
Film,Schindler's List,HAS_THEME,Theme,memory,1,1993,theme tag
Film,Schindler's List,HAS_THEME,Theme,genocide,1,1993,theme tag
Film,Schindler's List,HAS_THEME,Theme,moral choice,1,1993,theme tag
Film,Schindler's List,USES_LANGUAGE,Language,English,1,1993,language
Film,Schindler's List,MARKET_TYPE,AudienceSegment,prestige,1,1993,market label
Film,Schindler's List,DISTRIBUTED_ON,Platform,Theatrical,1,1993,distribution
Film,Schindler's List,DISTRIBUTED_ON,Platform,Peacock,1,1993,distribution
Film,Schindler's List,ASSOCIATED_WITH_AWARD,Award,Academy Awards,1,1993,award mention
Film,Schindler's List,ASSOCIATED_WITH_AWARD,Award,BAFTA,1,1993,award mention
Film,Schindler's List,DIRECTED_BY,Person,Steven Spielberg,2,1993,director
Film,Schindler's List,ACTED_IN,Person,Liam Neeson,1.5,1993,principal cast
Film,Schindler's List,ACTED_IN,Person,Ben Kingsley,1.5,1993,principal cast
Film,Schindler's List,ACTED_IN,Person,Ralph Fiennes,1.5,1993,principal cast
Film,Schindler's List,APPEALS_TO,AudienceSegment,Prestige-drama audience,1,1993,audience segment
Person,Ben Kingsley,COLLABORATED_WITH,Person,Liam Neeson,0.7,1993,Schindler's List
Person,Liam Neeson,COLLABORATED_WITH,Person,Ben Kingsley,0.7,1993,Schindler's List
Person,Ben Kingsley,COLLABORATED_WITH,Person,Ralph Fiennes,0.7,1993,Schindler's List
Person,Ralph Fiennes,COLLABORATED_WITH,Person,Ben Kingsley,0.7,1993,Schindler's List
Person,Liam Neeson,COLLABORATED_WITH,Person,Ralph Fiennes,0.7,1993,Schindler's List
Person,Ralph Fiennes,COLLABORATED_WITH,Person,Liam Neeson,0.7,1993,Schindler's List
Film,Saving Private Ryan,RELEASED_IN,Country,United States,1,1998,release geography
Film,Saving Private Ryan,BELONGS_TO_GENRE,Genre,War,1,1998,genre tag
Film,Saving Private Ryan,BELONGS_TO_GENRE,Genre,Drama,1,1998,genre tag
Film,Saving Private Ryan,HAS_THEME,Theme,duty,1,1998,theme tag
Film,Saving Private Ryan,HAS_THEME,Theme,war,1,1998,theme tag
Film,Saving Private Ryan,HAS_THEME,Theme,sacrifice,1,1998,theme tag
Film,Saving Private Ryan,USES_LANGUAGE,Language,English,1,1998,language
Film,Saving Private Ryan,MARKET_TYPE,AudienceSegment,prestige,1,1998,market label
Film,Saving Private Ryan,DISTRIBUTED_ON,Platform,Theatrical,1,1998,distribution
Film,Saving Private Ryan,DISTRIBUTED_ON,Platform,Paramount+,1,1998,distribution
Film,Saving Private Ryan,ASSOCIATED_WITH_AWARD,Award,Academy Awards,1,1998,award mention
Film,Saving Private Ryan,DIRECTED_BY,Person,Steven Spielberg,2,1998,director
Film,Saving Private Ryan,ACTED_IN,Person,Tom Hanks,1.5,1998,principal cast
Film,Saving Private Ryan,ACTED_IN,Person,Matt Damon,1.5,1998,principal cast
Film,Saving Private Ryan,APPEALS_TO,AudienceSegment,Prestige-drama audience,1,1998,audience segment
Person,Matt Damon,COLLABORATED_WITH,Person,Tom Hanks,0.7,1998,Saving Private Ryan
Person,Tom Hanks,COLLABORATED_WITH,Person,Matt Damon,0.7,1998,Saving Private Ryan
Film,Goodfellas,RELEASED_IN,Country,United States,1,1990,release geography
Film,Goodfellas,BELONGS_TO_GENRE,Genre,Crime,1,1990,genre tag
Film,Goodfellas,BELONGS_TO_GENRE,Genre,Drama,1,1990,genre tag
Film,Goodfellas,HAS_THEME,Theme,crime,1,1990,theme tag
Film,Goodfellas,HAS_THEME,Theme,loyalty,1,1990,theme tag
Film,Goodfellas,HAS_THEME,Theme,ambition,1,1990,theme tag
Film,Goodfellas,USES_LANGUAGE,Language,English,1,1990,language
Film,Goodfellas,MARKET_TYPE,AudienceSegment,prestige,1,1990,market label
Film,Goodfellas,DISTRIBUTED_ON,Platform,Theatrical,1,1990,distribution
Film,Goodfellas,DISTRIBUTED_ON,Platform,Max,1,1990,distribution
Film,Goodfellas,ASSOCIATED_WITH_AWARD,Award,BAFTA,1,1990,award mention
Film,Goodfellas,DIRECTED_BY,Person,Martin Scorsese,2,1990,director
Film,Goodfellas,ACTED_IN,Person,Robert De Niro,1.5,1990,principal cast
Film,Goodfellas,ACTED_IN,Person,Ray Liotta,1.5,1990,principal cast
Film,Goodfellas,ACTED_IN,Person,Joe Pesci,1.5,1990,principal cast
Film,Goodfellas,APPEALS_TO,AudienceSegment,Prestige-drama audience,1,1990,audience segment
Person,Joe Pesci,COLLABORATED_WITH,Person,Ray Liotta,0.7,1990,Goodfellas
Person,Ray Liotta,COLLABORATED_WITH,Person,Joe Pesci,0.7,1990,Goodfellas
Person,Joe Pesci,COLLABORATED_WITH,Person,Robert De Niro,0.7,1990,Goodfellas
Person,Robert De Niro,COLLABORATED_WITH,Person,Joe Pesci,0.7,1990,Goodfellas
Person,Ray Liotta,COLLABORATED_WITH,Person,Robert De Niro,0.7,1990,Goodfellas
Person,Robert De Niro,COLLABORATED_WITH,Person,Ray Liotta,0.7,1990,Goodfellas
Film,The Irishman,RELEASED_IN,Country,United States,1,2019,release geography
Film,The Irishman,BELONGS_TO_GENRE,Genre,Crime,1,2019,genre tag
Film,The Irishman,BELONGS_TO_GENRE,Genre,Drama,1,2019,genre tag
Film,The Irishman,HAS_THEME,Theme,memory,1,2019,theme tag
Film,The Irishman,HAS_THEME,Theme,crime,1,2019,theme tag
Film,The Irishman,HAS_THEME,Theme,aging,1,2019,theme tag
Film,The Irishman,USES_LANGUAGE,Language,English,1,2019,language
Film,The Irishman,MARKET_TYPE,AudienceSegment,prestige,1,2019,market label
Film,The Irishman,DISTRIBUTED_ON,Platform,Netflix,1,2019,distribution
Film,The Irishman,ASSOCIATED_WITH_AWARD,Award,Academy Awards nominations,1,2019,award mention
Film,The Irishman,DIRECTED_BY,Person,Martin Scorsese,2,2019,director
Film,The Irishman,ACTED_IN,Person,Robert De Niro,1.5,2019,principal cast
Film,The Irishman,ACTED_IN,Person,Al Pacino,1.5,2019,principal cast
Film,The Irishman,ACTED_IN,Person,Joe Pesci,1.5,2019,principal cast
Film,The Irishman,APPEALS_TO,AudienceSegment,Prestige-drama audience,1,2019,audience segment
Person,Al Pacino,COLLABORATED_WITH,Person,Joe Pesci,0.7,2019,The Irishman
Person,Joe Pesci,COLLABORATED_WITH,Person,Al Pacino,0.7,2019,The Irishman
Person,Al Pacino,COLLABORATED_WITH,Person,Robert De Niro,0.7,2019,The Irishman
Person,Robert De Niro,COLLABORATED_WITH,Person,Al Pacino,0.7,2019,The Irishman
Person,Joe Pesci,COLLABORATED_WITH,Person,Robert De Niro,0.7,2019,The Irishman
Person,Robert De Niro,COLLABORATED_WITH,Person,Joe Pesci,0.7,2019,The Irishman
Film,Inception,RELEASED_IN,Country,United States,1,2010,release geography
Film,Inception,BELONGS_TO_GENRE,Genre,Sci-Fi,1,2010,genre tag
Film,Inception,BELONGS_TO_GENRE,Genre,Thriller,1,2010,genre tag
Film,Inception,HAS_THEME,Theme,dreams,1,2010,theme tag
Film,Inception,HAS_THEME,Theme,time,1,2010,theme tag
Film,Inception,HAS_THEME,Theme,heist,1,2010,theme tag
Film,Inception,USES_LANGUAGE,Language,English,1,2010,language
Film,Inception,MARKET_TYPE,AudienceSegment,global,1,2010,market label
Film,Inception,DISTRIBUTED_ON,Platform,Theatrical,1,2010,distribution
Film,Inception,DISTRIBUTED_ON,Platform,Max,1,2010,distribution
Film,Inception,ASSOCIATED_WITH_AWARD,Award,Academy Awards,1,2010,award mention
Film,Inception,DIRECTED_BY,Person,Christopher Nolan,2,2010,director
Film,Inception,ACTED_IN,Person,Leonardo DiCaprio,1.5,2010,principal cast
Film,Inception,ACTED_IN,Person,Joseph Gordon-Levitt,1.5,2010,principal cast
Film,Inception,ACTED_IN,Person,Elliot Page,1.5,2010,principal cast
Film,Inception,APPEALS_TO,AudienceSegment,Global streaming audience,1,2010,audience segment
Person,Elliot Page,COLLABORATED_WITH,Person,Joseph Gordon-Levitt,0.7,2010,Inception
Person,Joseph Gordon-Levitt,COLLABORATED_WITH,Person,Elliot Page,0.7,2010,Inception
Person,Elliot Page,COLLABORATED_WITH,Person,Leonardo DiCaprio,0.7,2010,Inception
Person,Leonardo DiCaprio,COLLABORATED_WITH,Person,Elliot Page,0.7,2010,Inception
Person,Joseph Gordon-Levitt,COLLABORATED_WITH,Person,Leonardo DiCaprio,0.7,2010,Inception
Person,Leonardo DiCaprio,COLLABORATED_WITH,Person,Joseph Gordon-Levitt,0.7,2010,Inception
Film,Interstellar,RELEASED_IN,Country,United States,1,2014,release geography
Film,Interstellar,BELONGS_TO_GENRE,Genre,Sci-Fi,1,2014,genre tag
Film,Interstellar,BELONGS_TO_GENRE,Genre,Drama,1,2014,genre tag
Film,Interstellar,HAS_THEME,Theme,family,1,2014,theme tag
Film,Interstellar,HAS_THEME,Theme,space,1,2014,theme tag
Film,Interstellar,HAS_THEME,Theme,time,1,2014,theme tag
Film,Interstellar,USES_LANGUAGE,Language,English,1,2014,language
Film,Interstellar,MARKET_TYPE,AudienceSegment,global,1,2014,market label
Film,Interstellar,DISTRIBUTED_ON,Platform,Theatrical,1,2014,distribution
Film,Interstellar,DISTRIBUTED_ON,Platform,Paramount+,1,2014,distribution
Film,Interstellar,ASSOCIATED_WITH_AWARD,Award,Academy Awards,1,2014,award mention
Film,Interstellar,DIRECTED_BY,Person,Christopher Nolan,2,2014,director
Film,Interstellar,ACTED_IN,Person,Matthew McConaughey,1.5,2014,principal cast
Film,Interstellar,ACTED_IN,Person,Anne Hathaway,1.5,2014,principal cast
Film,Interstellar,ACTED_IN,Person,Jessica Chastain,1.5,2014,principal cast
Film,Interstellar,APPEALS_TO,AudienceSegment,Global streaming audience,1,2014,audience segment
Person,Anne Hathaway,COLLABORATED_WITH,Person,Jessica Chastain,0.7,2014,Interstellar
Person,Jessica Chastain,COLLABORATED_WITH,Person,Anne Hathaway,0.7,2014,Interstellar
Person,Anne Hathaway,COLLABORATED_WITH,Person,Matthew McConaughey,0.7,2014,Interstellar
Person,Matthew McConaughey,COLLABORATED_WITH,Person,Anne Hathaway,0.7,2014,Interstellar
Person,Jessica Chastain,COLLABORATED_WITH,Person,Matthew McConaughey,0.7,2014,Interstellar
Person,Matthew McConaughey,COLLABORATED_WITH,Person,Jessica Chastain,0.7,2014,Interstellar
Film,Oppenheimer,RELEASED_IN,Country,United States,1,2023,release geography
Film,Oppenheimer,BELONGS_TO_GENRE,Genre,Drama,1,2023,genre tag
Film,Oppenheimer,BELONGS_TO_GENRE,Genre,Biography,1,2023,genre tag
Film,Oppenheimer,HAS_THEME,Theme,science,1,2023,theme tag
Film,Oppenheimer,HAS_THEME,Theme,power,1,2023,theme tag
Film,Oppenheimer,HAS_THEME,Theme,consequence,1,2023,theme tag
Film,Oppenheimer,USES_LANGUAGE,Language,English,1,2023,language
Film,Oppenheimer,MARKET_TYPE,AudienceSegment,prestige,1,2023,market label
Film,Oppenheimer,DISTRIBUTED_ON,Platform,Theatrical,1,2023,distribution
Film,Oppenheimer,DISTRIBUTED_ON,Platform,Peacock,1,2023,distribution
Film,Oppenheimer,ASSOCIATED_WITH_AWARD,Award,Academy Awards,1,2023,award mention
Film,Oppenheimer,ASSOCIATED_WITH_AWARD,Award,Golden Globe,1,2023,award mention
Film,Oppenheimer,DIRECTED_BY,Person,Christopher Nolan,2,2023,director
Film,Oppenheimer,ACTED_IN,Person,Cillian Murphy,1.5,2023,principal cast
Film,Oppenheimer,ACTED_IN,Person,Emily Blunt,1.5,2023,principal cast
Film,Oppenheimer,ACTED_IN,Person,Robert Downey Jr.,1.5,2023,principal cast
Film,Oppenheimer,APPEALS_TO,AudienceSegment,Prestige-drama audience,1,2023,audience segment
Person,Cillian Murphy,COLLABORATED_WITH,Person,Emily Blunt,0.7,2023,Oppenheimer
Person,Emily Blunt,COLLABORATED_WITH,Person,Cillian Murphy,0.7,2023,Oppenheimer
Person,Cillian Murphy,COLLABORATED_WITH,Person,Robert Downey Jr.,0.7,2023,Oppenheimer
Person,Robert Downey Jr.,COLLABORATED_WITH,Person,Cillian Murphy,0.7,2023,Oppenheimer
Person,Emily Blunt,COLLABORATED_WITH,Person,Robert Downey Jr.,0.7,2023,Oppenheimer
Person,Robert Downey Jr.,COLLABORATED_WITH,Person,Emily Blunt,0.7,2023,Oppenheimer
Film,Pulp Fiction,RELEASED_IN,Country,United States,1,1994,release geography
Film,Pulp Fiction,BELONGS_TO_GENRE,Genre,Crime,1,1994,genre tag
Film,Pulp Fiction,BELONGS_TO_GENRE,Genre,Black Comedy,1,1994,genre tag
Film,Pulp Fiction,HAS_THEME,Theme,violence,1,1994,theme tag
Film,Pulp Fiction,HAS_THEME,Theme,chance,1,1994,theme tag
Film,Pulp Fiction,HAS_THEME,Theme,pop culture,1,1994,theme tag
Film,Pulp Fiction,USES_LANGUAGE,Language,English,1,1994,language
Film,Pulp Fiction,MARKET_TYPE,AudienceSegment,classic,1,1994,market label
Film,Pulp Fiction,DISTRIBUTED_ON,Platform,Theatrical,1,1994,distribution
Film,Pulp Fiction,DISTRIBUTED_ON,Platform,Paramount+,1,1994,distribution
Film,Pulp Fiction,ASSOCIATED_WITH_AWARD,Award,Cannes Palme d'Or,1,1994,award mention
Film,Pulp Fiction,DIRECTED_BY,Person,Quentin Tarantino,2,1994,director
Film,Pulp Fiction,ACTED_IN,Person,John Travolta,1.5,1994,principal cast
Film,Pulp Fiction,ACTED_IN,Person,Uma Thurman,1.5,1994,principal cast
Film,Pulp Fiction,ACTED_IN,Person,Samuel L. Jackson,1.5,1994,principal cast
Film,Pulp Fiction,APPEALS_TO,AudienceSegment,Mainstream audience,1,1994,audience segment
Person,John Travolta,COLLABORATED_WITH,Person,Samuel L. Jackson,0.7,1994,Pulp Fiction
Person,Samuel L. Jackson,COLLABORATED_WITH,Person,John Travolta,0.7,1994,Pulp Fiction
Person,John Travolta,COLLABORATED_WITH,Person,Uma Thurman,0.7,1994,Pulp Fiction
Person,Uma Thurman,COLLABORATED_WITH,Person,John Travolta,0.7,1994,Pulp Fiction
Person,Samuel L. Jackson,COLLABORATED_WITH,Person,Uma Thurman,0.7,1994,Pulp Fiction
Person,Uma Thurman,COLLABORATED_WITH,Person,Samuel L. Jackson,0.7,1994,Pulp Fiction
Film,Django Unchained,RELEASED_IN,Country,United States,1,2012,release geography
Film,Django Unchained,BELONGS_TO_GENRE,Genre,Western,1,2012,genre tag
Film,Django Unchained,BELONGS_TO_GENRE,Genre,Drama,1,2012,genre tag
Film,Django Unchained,HAS_THEME,Theme,revenge,1,2012,theme tag
Film,Django Unchained,HAS_THEME,Theme,history,1,2012,theme tag
Film,Django Unchained,HAS_THEME,Theme,freedom,1,2012,theme tag
Film,Django Unchained,USES_LANGUAGE,Language,English,1,2012,language
Film,Django Unchained,MARKET_TYPE,AudienceSegment,prestige,1,2012,market label
Film,Django Unchained,DISTRIBUTED_ON,Platform,Theatrical,1,2012,distribution
Film,Django Unchained,DISTRIBUTED_ON,Platform,Netflix,1,2012,distribution
Film,Django Unchained,ASSOCIATED_WITH_AWARD,Award,Academy Awards,1,2012,award mention
Film,Django Unchained,DIRECTED_BY,Person,Quentin Tarantino,2,2012,director
Film,Django Unchained,ACTED_IN,Person,Jamie Foxx,1.5,2012,principal cast
Film,Django Unchained,ACTED_IN,Person,Christoph Waltz,1.5,2012,principal cast
Film,Django Unchained,ACTED_IN,Person,Leonardo DiCaprio,1.5,2012,principal cast
Film,Django Unchained,APPEALS_TO,AudienceSegment,Prestige-drama audience,1,2012,audience segment
Person,Christoph Waltz,COLLABORATED_WITH,Person,Jamie Foxx,0.7,2012,Django Unchained
Person,Jamie Foxx,COLLABORATED_WITH,Person,Christoph Waltz,0.7,2012,Django Unchained
Person,Christoph Waltz,COLLABORATED_WITH,Person,Leonardo DiCaprio,0.7,2012,Django Unchained
Person,Leonardo DiCaprio,COLLABORATED_WITH,Person,Christoph Waltz,0.7,2012,Django Unchained
Person,Jamie Foxx,COLLABORATED_WITH,Person,Leonardo DiCaprio,0.7,2012,Django Unchained
Person,Leonardo DiCaprio,COLLABORATED_WITH,Person,Jamie Foxx,0.7,2012,Django Unchained
Film,Once Upon a Time in Hollywood,RELEASED_IN,Country,United States,1,2019,release geography
Film,Once Upon a Time in Hollywood,BELONGS_TO_GENRE,Genre,Drama,1,2019,genre tag
Film,Once Upon a Time in Hollywood,BELONGS_TO_GENRE,Genre,Comedy,1,2019,genre tag
Film,Once Upon a Time in Hollywood,HAS_THEME,Theme,nostalgia,1,2019,theme tag
Film,Once Upon a Time in Hollywood,HAS_THEME,Theme,industry,1,2019,theme tag
Film,Once Upon a Time in Hollywood,HAS_THEME,Theme,identity,1,2019,theme tag
Film,Once Upon a Time in Hollywood,USES_LANGUAGE,Language,English,1,2019,language
Film,Once Upon a Time in Hollywood,MARKET_TYPE,AudienceSegment,prestige,1,2019,market label
Film,Once Upon a Time in Hollywood,DISTRIBUTED_ON,Platform,Theatrical,1,2019,distribution
Film,Once Upon a Time in Hollywood,DISTRIBUTED_ON,Platform,Netflix,1,2019,distribution
Film,Once Upon a Time in Hollywood,ASSOCIATED_WITH_AWARD,Award,Academy Awards,1,2019,award mention
Film,Once Upon a Time in Hollywood,DIRECTED_BY,Person,Quentin Tarantino,2,2019,director
Film,Once Upon a Time in Hollywood,ACTED_IN,Person,Leonardo DiCaprio,1.5,2019,principal cast
Film,Once Upon a Time in Hollywood,ACTED_IN,Person,Brad Pitt,1.5,2019,principal cast
Film,Once Upon a Time in Hollywood,ACTED_IN,Person,Margot Robbie,1.5,2019,principal cast
Film,Once Upon a Time in Hollywood,APPEALS_TO,AudienceSegment,Prestige-drama audience,1,2019,audience segment
Person,Brad Pitt,COLLABORATED_WITH,Person,Leonardo DiCaprio,0.7,2019,Once Upon a Time in Hollywood
Person,Leonardo DiCaprio,COLLABORATED_WITH,Person,Brad Pitt,0.7,2019,Once Upon a Time in Hollywood
Person,Brad Pitt,COLLABORATED_WITH,Person,Margot Robbie,0.7,2019,Once Upon a Time in Hollywood
Person,Margot Robbie,COLLABORATED_WITH,Person,Brad Pitt,0.7,2019,Once Upon a Time in Hollywood
Person,Leonardo DiCaprio,COLLABORATED_WITH,Person,Margot Robbie,0.7,2019,Once Upon a Time in Hollywood
Person,Margot Robbie,COLLABORATED_WITH,Person,Leonardo DiCaprio,0.7,2019,Once Upon a Time in Hollywood
Film,Lady Bird,RELEASED_IN,Country,United States,1,2017,release geography
Film,Lady Bird,BELONGS_TO_GENRE,Genre,Drama,1,2017,genre tag
Film,Lady Bird,BELONGS_TO_GENRE,Genre,Coming-of-Age,1,2017,genre tag
Film,Lady Bird,HAS_THEME,Theme,mother-daughter,1,2017,theme tag
Film,Lady Bird,HAS_THEME,Theme,coming of age,1,2017,theme tag
Film,Lady Bird,HAS_THEME,Theme,class,1,2017,theme tag
Film,Lady Bird,USES_LANGUAGE,Language,English,1,2017,language
Film,Lady Bird,MARKET_TYPE,AudienceSegment,prestige,1,2017,market label
Film,Lady Bird,DISTRIBUTED_ON,Platform,Theatrical,1,2017,distribution
Film,Lady Bird,DISTRIBUTED_ON,Platform,Netflix,1,2017,distribution
Film,Lady Bird,ASSOCIATED_WITH_AWARD,Award,Academy Awards nominations,1,2017,award mention
Film,Lady Bird,DIRECTED_BY,Person,Greta Gerwig,2,2017,director
Film,Lady Bird,ACTED_IN,Person,Saoirse Ronan,1.5,2017,principal cast
Film,Lady Bird,ACTED_IN,Person,Laurie Metcalf,1.5,2017,principal cast
Film,Lady Bird,ACTED_IN,Person,Timothée Chalamet,1.5,2017,principal cast
Film,Lady Bird,APPEALS_TO,AudienceSegment,Prestige-drama audience,1,2017,audience segment
Person,Laurie Metcalf,COLLABORATED_WITH,Person,Saoirse Ronan,0.7,2017,Lady Bird
Person,Saoirse Ronan,COLLABORATED_WITH,Person,Laurie Metcalf,0.7,2017,Lady Bird
Person,Laurie Metcalf,COLLABORATED_WITH,Person,Timothée Chalamet,0.7,2017,Lady Bird
Person,Timothée Chalamet,COLLABORATED_WITH,Person,Laurie Metcalf,0.7,2017,Lady Bird
Person,Saoirse Ronan,COLLABORATED_WITH,Person,Timothée Chalamet,0.7,2017,Lady Bird
Person,Timothée Chalamet,COLLABORATED_WITH,Person,Saoirse Ronan,0.7,2017,Lady Bird
Film,Barbie,RELEASED_IN,Country,United States,1,2023,release geography
Film,Barbie,BELONGS_TO_GENRE,Genre,Comedy,1,2023,genre tag
Film,Barbie,BELONGS_TO_GENRE,Genre,Fantasy,1,2023,genre tag
Film,Barbie,HAS_THEME,Theme,identity,1,2023,theme tag
Film,Barbie,HAS_THEME,Theme,consumer culture,1,2023,theme tag
Film,Barbie,HAS_THEME,Theme,gender,1,2023,theme tag
Film,Barbie,USES_LANGUAGE,Language,English,1,2023,language
Film,Barbie,MARKET_TYPE,AudienceSegment,global,1,2023,market label
Film,Barbie,DISTRIBUTED_ON,Platform,Theatrical,1,2023,distribution
Film,Barbie,DISTRIBUTED_ON,Platform,Max,1,2023,distribution
Film,Barbie,ASSOCIATED_WITH_AWARD,Award,Academy Awards,1,2023,award mention
Film,Barbie,ASSOCIATED_WITH_AWARD,Award,Golden Globe,1,2023,award mention
Film,Barbie,DIRECTED_BY,Person,Greta Gerwig,2,2023,director
Film,Barbie,ACTED_IN,Person,Margot Robbie,1.5,2023,principal cast
Film,Barbie,ACTED_IN,Person,Ryan Gosling,1.5,2023,principal cast
Film,Barbie,ACTED_IN,Person,America Ferrera,1.5,2023,principal cast
Film,Barbie,APPEALS_TO,AudienceSegment,Global streaming audience,1,2023,audience segment
Person,America Ferrera,COLLABORATED_WITH,Person,Margot Robbie,0.7,2023,Barbie
Person,Margot Robbie,COLLABORATED_WITH,Person,America Ferrera,0.7,2023,Barbie
Person,America Ferrera,COLLABORATED_WITH,Person,Ryan Gosling,0.7,2023,Barbie
Person,Ryan Gosling,COLLABORATED_WITH,Person,America Ferrera,0.7,2023,Barbie
Person,Margot Robbie,COLLABORATED_WITH,Person,Ryan Gosling,0.7,2023,Barbie
Person,Ryan Gosling,COLLABORATED_WITH,Person,Margot Robbie,0.7,2023,Barbie
Film,Lost in Translation,RELEASED_IN,Country,United States,1,2003,release geography
Film,Lost in Translation,BELONGS_TO_GENRE,Genre,Drama,1,2003,genre tag
Film,Lost in Translation,HAS_THEME,Theme,loneliness,1,2003,theme tag
Film,Lost in Translation,HAS_THEME,Theme,dislocation,1,2003,theme tag
Film,Lost in Translation,HAS_THEME,Theme,connection,1,2003,theme tag
Film,Lost in Translation,USES_LANGUAGE,Language,English/Japanese,1,2003,language
Film,Lost in Translation,MARKET_TYPE,AudienceSegment,prestige,1,2003,market label
Film,Lost in Translation,DISTRIBUTED_ON,Platform,Theatrical,1,2003,distribution
Film,Lost in Translation,DISTRIBUTED_ON,Platform,Criterion Channel,1,2003,distribution
Film,Lost in Translation,ASSOCIATED_WITH_AWARD,Award,Academy Awards,1,2003,award mention
Film,Lost in Translation,DIRECTED_BY,Person,Sofia Coppola,2,2003,director
Film,Lost in Translation,ACTED_IN,Person,Scarlett Johansson,1.5,2003,principal cast
Film,Lost in Translation,ACTED_IN,Person,Bill Murray,1.5,2003,principal cast
Film,Lost in Translation,APPEALS_TO,AudienceSegment,Prestige-drama audience,1,2003,audience segment
Person,Bill Murray,COLLABORATED_WITH,Person,Scarlett Johansson,0.7,2003,Lost in Translation
Person,Scarlett Johansson,COLLABORATED_WITH,Person,Bill Murray,0.7,2003,Lost in Translation
Film,Marie Antoinette,RELEASED_IN,Country,United States,1,2006,release geography
Film,Marie Antoinette,BELONGS_TO_GENRE,Genre,Drama,1,2006,genre tag
Film,Marie Antoinette,BELONGS_TO_GENRE,Genre,Biography,1,2006,genre tag
Film,Marie Antoinette,HAS_THEME,Theme,style,1,2006,theme tag
Film,Marie Antoinette,HAS_THEME,Theme,power,1,2006,theme tag
Film,Marie Antoinette,HAS_THEME,Theme,youth,1,2006,theme tag
Film,Marie Antoinette,USES_LANGUAGE,Language,English/French,1,2006,language
Film,Marie Antoinette,MARKET_TYPE,AudienceSegment,festival,1,2006,market label
Film,Marie Antoinette,DISTRIBUTED_ON,Platform,Theatrical,1,2006,distribution
Film,Marie Antoinette,DISTRIBUTED_ON,Platform,Criterion Channel,1,2006,distribution
Film,Marie Antoinette,DIRECTED_BY,Person,Sofia Coppola,2,2006,director
Film,Marie Antoinette,ACTED_IN,Person,Kirsten Dunst,1.5,2006,principal cast
Film,Marie Antoinette,ACTED_IN,Person,Jason Schwartzman,1.5,2006,principal cast
Film,Marie Antoinette,APPEALS_TO,AudienceSegment,Prestige-drama audience,1,2006,audience segment
Person,Jason Schwartzman,COLLABORATED_WITH,Person,Kirsten Dunst,0.7,2006,Marie Antoinette
Person,Kirsten Dunst,COLLABORATED_WITH,Person,Jason Schwartzman,0.7,2006,Marie Antoinette
Film,The Hurt Locker,RELEASED_IN,Country,United States,1,2008,release geography
Film,The Hurt Locker,BELONGS_TO_GENRE,Genre,War,1,2008,genre tag
Film,The Hurt Locker,BELONGS_TO_GENRE,Genre,Thriller,1,2008,genre tag
Film,The Hurt Locker,HAS_THEME,Theme,danger,1,2008,theme tag
Film,The Hurt Locker,HAS_THEME,Theme,discipline,1,2008,theme tag
Film,The Hurt Locker,HAS_THEME,Theme,war,1,2008,theme tag
Film,The Hurt Locker,USES_LANGUAGE,Language,English,1,2008,language
Film,The Hurt Locker,MARKET_TYPE,AudienceSegment,prestige,1,2008,market label
Film,The Hurt Locker,DISTRIBUTED_ON,Platform,Theatrical,1,2008,distribution
Film,The Hurt Locker,DISTRIBUTED_ON,Platform,Amazon Prime Video,1,2008,distribution
Film,The Hurt Locker,ASSOCIATED_WITH_AWARD,Award,Academy Awards,1,2008,award mention
Film,The Hurt Locker,ASSOCIATED_WITH_AWARD,Award,BAFTA,1,2008,award mention
Film,The Hurt Locker,DIRECTED_BY,Person,Kathryn Bigelow,2,2008,director
Film,The Hurt Locker,ACTED_IN,Person,Jeremy Renner,1.5,2008,principal cast
Film,The Hurt Locker,ACTED_IN,Person,Anthony Mackie,1.5,2008,principal cast
Film,The Hurt Locker,APPEALS_TO,AudienceSegment,Mainstream audience,1,2008,audience segment
Person,Anthony Mackie,COLLABORATED_WITH,Person,Jeremy Renner,0.7,2008,The Hurt Locker
Person,Jeremy Renner,COLLABORATED_WITH,Person,Anthony Mackie,0.7,2008,The Hurt Locker
Film,Zero Dark Thirty,RELEASED_IN,Country,United States,1,2012,release geography
Film,Zero Dark Thirty,BELONGS_TO_GENRE,Genre,Thriller,1,2012,genre tag
Film,Zero Dark Thirty,BELONGS_TO_GENRE,Genre,Drama,1,2012,genre tag
Film,Zero Dark Thirty,HAS_THEME,Theme,manhunt,1,2012,theme tag
Film,Zero Dark Thirty,HAS_THEME,Theme,statecraft,1,2012,theme tag
Film,Zero Dark Thirty,HAS_THEME,Theme,obsession,1,2012,theme tag
Film,Zero Dark Thirty,USES_LANGUAGE,Language,English,1,2012,language
Film,Zero Dark Thirty,MARKET_TYPE,AudienceSegment,prestige,1,2012,market label
Film,Zero Dark Thirty,DISTRIBUTED_ON,Platform,Theatrical,1,2012,distribution
Film,Zero Dark Thirty,DISTRIBUTED_ON,Platform,Netflix,1,2012,distribution
Film,Zero Dark Thirty,ASSOCIATED_WITH_AWARD,Award,Academy Awards nominations,1,2012,award mention
Film,Zero Dark Thirty,DIRECTED_BY,Person,Kathryn Bigelow,2,2012,director
Film,Zero Dark Thirty,ACTED_IN,Person,Jessica Chastain,1.5,2012,principal cast
Film,Zero Dark Thirty,ACTED_IN,Person,Jason Clarke,1.5,2012,principal cast
Film,Zero Dark Thirty,APPEALS_TO,AudienceSegment,Prestige-drama audience,1,2012,audience segment
Person,Jason Clarke,COLLABORATED_WITH,Person,Jessica Chastain,0.7,2012,Zero Dark Thirty
Person,Jessica Chastain,COLLABORATED_WITH,Person,Jason Clarke,0.7,2012,Zero Dark Thirty
Film,Get Out,RELEASED_IN,Country,United States,1,2017,release geography
Film,Get Out,BELONGS_TO_GENRE,Genre,Horror,1,2017,genre tag
Film,Get Out,BELONGS_TO_GENRE,Genre,Thriller,1,2017,genre tag
Film,Get Out,HAS_THEME,Theme,race,1,2017,theme tag
Film,Get Out,HAS_THEME,Theme,identity,1,2017,theme tag
Film,Get Out,HAS_THEME,Theme,unease,1,2017,theme tag
Film,Get Out,USES_LANGUAGE,Language,English,1,2017,language
Film,Get Out,MARKET_TYPE,AudienceSegment,cultural,1,2017,market label
Film,Get Out,DISTRIBUTED_ON,Platform,Theatrical,1,2017,distribution
Film,Get Out,DISTRIBUTED_ON,Platform,Peacock,1,2017,distribution
Film,Get Out,ASSOCIATED_WITH_AWARD,Award,Academy Awards,1,2017,award mention
Film,Get Out,DIRECTED_BY,Person,Jordan Peele,2,2017,director
Film,Get Out,ACTED_IN,Person,Daniel Kaluuya,1.5,2017,principal cast
Film,Get Out,ACTED_IN,Person,Allison Williams,1.5,2017,principal cast
Film,Get Out,ACTED_IN,Person,Catherine Keener,1.5,2017,principal cast
Film,Get Out,APPEALS_TO,AudienceSegment,Mainstream audience,1,2017,audience segment
Person,Allison Williams,COLLABORATED_WITH,Person,Catherine Keener,0.7,2017,Get Out
Person,Catherine Keener,COLLABORATED_WITH,Person,Allison Williams,0.7,2017,Get Out
Person,Allison Williams,COLLABORATED_WITH,Person,Daniel Kaluuya,0.7,2017,Get Out
Person,Daniel Kaluuya,COLLABORATED_WITH,Person,Allison Williams,0.7,2017,Get Out
Person,Catherine Keener,COLLABORATED_WITH,Person,Daniel Kaluuya,0.7,2017,Get Out
Person,Daniel Kaluuya,COLLABORATED_WITH,Person,Catherine Keener,0.7,2017,Get Out
Film,Nope,RELEASED_IN,Country,United States,1,2022,release geography
Film,Nope,BELONGS_TO_GENRE,Genre,Sci-Fi,1,2022,genre tag
Film,Nope,BELONGS_TO_GENRE,Genre,Horror,1,2022,genre tag
Film,Nope,HAS_THEME,Theme,spectacle,1,2022,theme tag
Film,Nope,HAS_THEME,Theme,media,1,2022,theme tag
Film,Nope,HAS_THEME,Theme,fear,1,2022,theme tag
Film,Nope,USES_LANGUAGE,Language,English,1,2022,language
Film,Nope,MARKET_TYPE,AudienceSegment,cultural,1,2022,market label
Film,Nope,DISTRIBUTED_ON,Platform,Theatrical,1,2022,distribution
Film,Nope,DISTRIBUTED_ON,Platform,Peacock,1,2022,distribution
Film,Nope,ASSOCIATED_WITH_AWARD,Award,Academy Awards nomination,1,2022,award mention
Film,Nope,DIRECTED_BY,Person,Jordan Peele,2,2022,director
Film,Nope,ACTED_IN,Person,Daniel Kaluuya,1.5,2022,principal cast
Film,Nope,ACTED_IN,Person,Keke Palmer,1.5,2022,principal cast
Film,Nope,ACTED_IN,Person,Steven Yeun,1.5,2022,principal cast
Film,Nope,APPEALS_TO,AudienceSegment,Mainstream audience,1,2022,audience segment
Person,Daniel Kaluuya,COLLABORATED_WITH,Person,Keke Palmer,0.7,2022,Nope
Person,Keke Palmer,COLLABORATED_WITH,Person,Daniel Kaluuya,0.7,2022,Nope
Person,Daniel Kaluuya,COLLABORATED_WITH,Person,Steven Yeun,0.7,2022,Nope
Person,Steven Yeun,COLLABORATED_WITH,Person,Daniel Kaluuya,0.7,2022,Nope
Person,Keke Palmer,COLLABORATED_WITH,Person,Steven Yeun,0.7,2022,Nope
Person,Steven Yeun,COLLABORATED_WITH,Person,Keke Palmer,0.7,2022,Nope
Film,Creed,RELEASED_IN,Country,United States,1,2015,release geography
Film,Creed,BELONGS_TO_GENRE,Genre,Drama,1,2015,genre tag
Film,Creed,BELONGS_TO_GENRE,Genre,Sports,1,2015,genre tag
Film,Creed,HAS_THEME,Theme,legacy,1,2015,theme tag
Film,Creed,HAS_THEME,Theme,training,1,2015,theme tag
Film,Creed,HAS_THEME,Theme,comeback,1,2015,theme tag
Film,Creed,USES_LANGUAGE,Language,English,1,2015,language
Film,Creed,MARKET_TYPE,AudienceSegment,mainstream,1,2015,market label
Film,Creed,DISTRIBUTED_ON,Platform,Theatrical,1,2015,distribution
Film,Creed,DISTRIBUTED_ON,Platform,Max,1,2015,distribution
Film,Creed,ASSOCIATED_WITH_AWARD,Award,Academy Awards nomination,1,2015,award mention
Film,Creed,DIRECTED_BY,Person,Ryan Coogler,2,2015,director
Film,Creed,ACTED_IN,Person,Michael B. Jordan,1.5,2015,principal cast
Film,Creed,ACTED_IN,Person,Sylvester Stallone,1.5,2015,principal cast
Film,Creed,ACTED_IN,Person,Tessa Thompson,1.5,2015,principal cast
Film,Creed,APPEALS_TO,AudienceSegment,Mainstream audience,1,2015,audience segment
Person,Michael B. Jordan,COLLABORATED_WITH,Person,Sylvester Stallone,0.7,2015,Creed
Person,Sylvester Stallone,COLLABORATED_WITH,Person,Michael B. Jordan,0.7,2015,Creed
Person,Michael B. Jordan,COLLABORATED_WITH,Person,Tessa Thompson,0.7,2015,Creed
Person,Tessa Thompson,COLLABORATED_WITH,Person,Michael B. Jordan,0.7,2015,Creed
Person,Sylvester Stallone,COLLABORATED_WITH,Person,Tessa Thompson,0.7,2015,Creed
Person,Tessa Thompson,COLLABORATED_WITH,Person,Sylvester Stallone,0.7,2015,Creed
Film,Black Panther,RELEASED_IN,Country,United States,1,2018,release geography
Film,Black Panther,BELONGS_TO_GENRE,Genre,Action,1,2018,genre tag
Film,Black Panther,BELONGS_TO_GENRE,Genre,Superhero,1,2018,genre tag
Film,Black Panther,HAS_THEME,Theme,heritage,1,2018,theme tag
Film,Black Panther,HAS_THEME,Theme,technology,1,2018,theme tag
Film,Black Panther,HAS_THEME,Theme,power,1,2018,theme tag
Film,Black Panther,USES_LANGUAGE,Language,English,1,2018,language
Film,Black Panther,MARKET_TYPE,AudienceSegment,global,1,2018,market label
Film,Black Panther,DISTRIBUTED_ON,Platform,Disney+,1,2018,distribution
Film,Black Panther,DISTRIBUTED_ON,Platform,Theatrical,1,2018,distribution
Film,Black Panther,ASSOCIATED_WITH_AWARD,Award,Academy Awards,1,2018,award mention
Film,Black Panther,ASSOCIATED_WITH_AWARD,Award,BAFTA,1,2018,award mention
Film,Black Panther,DIRECTED_BY,Person,Ryan Coogler,2,2018,director
Film,Black Panther,ACTED_IN,Person,Chadwick Boseman,1.5,2018,principal cast
Film,Black Panther,ACTED_IN,Person,Michael B. Jordan,1.5,2018,principal cast
Film,Black Panther,ACTED_IN,Person,Lupita Nyong'o,1.5,2018,principal cast
Film,Black Panther,APPEALS_TO,AudienceSegment,Action franchise audience,1,2018,audience segment
Person,Chadwick Boseman,COLLABORATED_WITH,Person,Lupita Nyong'o,0.7,2018,Black Panther
Person,Lupita Nyong'o,COLLABORATED_WITH,Person,Chadwick Boseman,0.7,2018,Black Panther
Person,Chadwick Boseman,COLLABORATED_WITH,Person,Michael B. Jordan,0.7,2018,Black Panther
Person,Michael B. Jordan,COLLABORATED_WITH,Person,Chadwick Boseman,0.7,2018,Black Panther
Person,Lupita Nyong'o,COLLABORATED_WITH,Person,Michael B. Jordan,0.7,2018,Black Panther
Person,Michael B. Jordan,COLLABORATED_WITH,Person,Lupita Nyong'o,0.7,2018,Black Panther
Film,Avatar,RELEASED_IN,Country,United States,1,2009,release geography
Film,Avatar,BELONGS_TO_GENRE,Genre,Sci-Fi,1,2009,genre tag
Film,Avatar,BELONGS_TO_GENRE,Genre,Adventure,1,2009,genre tag
Film,Avatar,HAS_THEME,Theme,environment,1,2009,theme tag
Film,Avatar,HAS_THEME,Theme,exploration,1,2009,theme tag
Film,Avatar,HAS_THEME,Theme,colonialism,1,2009,theme tag
Film,Avatar,USES_LANGUAGE,Language,English,1,2009,language
Film,Avatar,MARKET_TYPE,AudienceSegment,global,1,2009,market label
Film,Avatar,DISTRIBUTED_ON,Platform,Theatrical,1,2009,distribution
Film,Avatar,DISTRIBUTED_ON,Platform,Disney+,1,2009,distribution
Film,Avatar,ASSOCIATED_WITH_AWARD,Award,Academy Awards,1,2009,award mention
Film,Avatar,DIRECTED_BY,Person,James Cameron,2,2009,director
Film,Avatar,ACTED_IN,Person,Sam Worthington,1.5,2009,principal cast
Film,Avatar,ACTED_IN,Person,Zoe Saldana,1.5,2009,principal cast
Film,Avatar,ACTED_IN,Person,Sigourney Weaver,1.5,2009,principal cast
Film,Avatar,APPEALS_TO,AudienceSegment,Action franchise audience,1,2009,audience segment
Person,Sam Worthington,COLLABORATED_WITH,Person,Sigourney Weaver,0.7,2009,Avatar
Person,Sigourney Weaver,COLLABORATED_WITH,Person,Sam Worthington,0.7,2009,Avatar
Person,Sam Worthington,COLLABORATED_WITH,Person,Zoe Saldana,0.7,2009,Avatar
Person,Zoe Saldana,COLLABORATED_WITH,Person,Sam Worthington,0.7,2009,Avatar
Person,Sigourney Weaver,COLLABORATED_WITH,Person,Zoe Saldana,0.7,2009,Avatar
Person,Zoe Saldana,COLLABORATED_WITH,Person,Sigourney Weaver,0.7,2009,Avatar
Film,Titanic,RELEASED_IN,Country,United States,1,1997,release geography
Film,Titanic,BELONGS_TO_GENRE,Genre,Romance,1,1997,genre tag
Film,Titanic,BELONGS_TO_GENRE,Genre,Drama,1,1997,genre tag
Film,Titanic,HAS_THEME,Theme,class,1,1997,theme tag
Film,Titanic,HAS_THEME,Theme,disaster,1,1997,theme tag
Film,Titanic,HAS_THEME,Theme,romance,1,1997,theme tag
Film,Titanic,USES_LANGUAGE,Language,English,1,1997,language
Film,Titanic,MARKET_TYPE,AudienceSegment,global,1,1997,market label
Film,Titanic,DISTRIBUTED_ON,Platform,Theatrical,1,1997,distribution
Film,Titanic,DISTRIBUTED_ON,Platform,Paramount+,1,1997,distribution
Film,Titanic,ASSOCIATED_WITH_AWARD,Award,Academy Awards,1,1997,award mention
Film,Titanic,ASSOCIATED_WITH_AWARD,Award,Golden Globe,1,1997,award mention
Film,Titanic,DIRECTED_BY,Person,James Cameron,2,1997,director
Film,Titanic,ACTED_IN,Person,Leonardo DiCaprio,1.5,1997,principal cast
Film,Titanic,ACTED_IN,Person,Kate Winslet,1.5,1997,principal cast
Film,Titanic,ACTED_IN,Person,Billy Zane,1.5,1997,principal cast
Film,Titanic,APPEALS_TO,AudienceSegment,Global streaming audience,1,1997,audience segment
Person,Billy Zane,COLLABORATED_WITH,Person,Kate Winslet,0.7,1997,Titanic
Person,Kate Winslet,COLLABORATED_WITH,Person,Billy Zane,0.7,1997,Titanic
Person,Billy Zane,COLLABORATED_WITH,Person,Leonardo DiCaprio,0.7,1997,Titanic
Person,Leonardo DiCaprio,COLLABORATED_WITH,Person,Billy Zane,0.7,1997,Titanic
Person,Kate Winslet,COLLABORATED_WITH,Person,Leonardo DiCaprio,0.7,1997,Titanic
Person,Leonardo DiCaprio,COLLABORATED_WITH,Person,Kate Winslet,0.7,1997,Titanic
Film,Aliens,RELEASED_IN,Country,United States,1,1986,release geography
Film,Aliens,BELONGS_TO_GENRE,Genre,Sci-Fi,1,1986,genre tag
Film,Aliens,BELONGS_TO_GENRE,Genre,Action,1,1986,genre tag
Film,Aliens,HAS_THEME,Theme,survival,1,1986,theme tag
Film,Aliens,HAS_THEME,Theme,military,1,1986,theme tag
Film,Aliens,HAS_THEME,Theme,motherhood,1,1986,theme tag
Film,Aliens,USES_LANGUAGE,Language,English,1,1986,language
Film,Aliens,MARKET_TYPE,AudienceSegment,classic,1,1986,market label
Film,Aliens,DISTRIBUTED_ON,Platform,Theatrical,1,1986,distribution
Film,Aliens,DISTRIBUTED_ON,Platform,Disney+,1,1986,distribution
Film,Aliens,ASSOCIATED_WITH_AWARD,Award,Academy Awards,1,1986,award mention
Film,Aliens,DIRECTED_BY,Person,James Cameron,2,1986,director
Film,Aliens,ACTED_IN,Person,Sigourney Weaver,1.5,1986,principal cast
Film,Aliens,ACTED_IN,Person,Michael Biehn,1.5,1986,principal cast
Film,Aliens,APPEALS_TO,AudienceSegment,Action franchise audience,1,1986,audience segment
Person,Michael Biehn,COLLABORATED_WITH,Person,Sigourney Weaver,0.7,1986,Aliens
Person,Sigourney Weaver,COLLABORATED_WITH,Person,Michael Biehn,0.7,1986,Aliens
Film,Se7en,RELEASED_IN,Country,United States,1,1995,release geography
Film,Se7en,BELONGS_TO_GENRE,Genre,Crime,1,1995,genre tag
Film,Se7en,BELONGS_TO_GENRE,Genre,Thriller,1,1995,genre tag
Film,Se7en,HAS_THEME,Theme,sin,1,1995,theme tag
Film,Se7en,HAS_THEME,Theme,city,1,1995,theme tag
Film,Se7en,HAS_THEME,Theme,obsession,1,1995,theme tag
Film,Se7en,USES_LANGUAGE,Language,English,1,1995,language
Film,Se7en,MARKET_TYPE,AudienceSegment,prestige,1,1995,market label
Film,Se7en,DISTRIBUTED_ON,Platform,Theatrical,1,1995,distribution
Film,Se7en,DISTRIBUTED_ON,Platform,Max,1,1995,distribution
Film,Se7en,DIRECTED_BY,Person,David Fincher,2,1995,director
Film,Se7en,ACTED_IN,Person,Brad Pitt,1.5,1995,principal cast
Film,Se7en,ACTED_IN,Person,Morgan Freeman,1.5,1995,principal cast
Film,Se7en,ACTED_IN,Person,Gwyneth Paltrow,1.5,1995,principal cast
Film,Se7en,APPEALS_TO,AudienceSegment,Mainstream audience,1,1995,audience segment
Person,Brad Pitt,COLLABORATED_WITH,Person,Gwyneth Paltrow,0.7,1995,Se7en
Person,Gwyneth Paltrow,COLLABORATED_WITH,Person,Brad Pitt,0.7,1995,Se7en
Person,Brad Pitt,COLLABORATED_WITH,Person,Morgan Freeman,0.7,1995,Se7en
Person,Morgan Freeman,COLLABORATED_WITH,Person,Brad Pitt,0.7,1995,Se7en
Person,Gwyneth Paltrow,COLLABORATED_WITH,Person,Morgan Freeman,0.7,1995,Se7en
Person,Morgan Freeman,COLLABORATED_WITH,Person,Gwyneth Paltrow,0.7,1995,Se7en
Film,The Social Network,RELEASED_IN,Country,United States,1,2010,release geography
Film,The Social Network,BELONGS_TO_GENRE,Genre,Drama,1,2010,genre tag
Film,The Social Network,BELONGS_TO_GENRE,Genre,Biography,1,2010,genre tag
Film,The Social Network,HAS_THEME,Theme,ambition,1,2010,theme tag
Film,The Social Network,HAS_THEME,Theme,tech,1,2010,theme tag
Film,The Social Network,HAS_THEME,Theme,friendship,1,2010,theme tag
Film,The Social Network,USES_LANGUAGE,Language,English,1,2010,language
Film,The Social Network,MARKET_TYPE,AudienceSegment,prestige,1,2010,market label
Film,The Social Network,DISTRIBUTED_ON,Platform,Theatrical,1,2010,distribution
Film,The Social Network,DISTRIBUTED_ON,Platform,Netflix,1,2010,distribution
Film,The Social Network,ASSOCIATED_WITH_AWARD,Award,Academy Awards,1,2010,award mention
Film,The Social Network,ASSOCIATED_WITH_AWARD,Award,Golden Globe,1,2010,award mention
Film,The Social Network,DIRECTED_BY,Person,David Fincher,2,2010,director
Film,The Social Network,ACTED_IN,Person,Jesse Eisenberg,1.5,2010,principal cast
Film,The Social Network,ACTED_IN,Person,Andrew Garfield,1.5,2010,principal cast
Film,The Social Network,ACTED_IN,Person,Justin Timberlake,1.5,2010,principal cast
Film,The Social Network,APPEALS_TO,AudienceSegment,Prestige-drama audience,1,2010,audience segment
Person,Andrew Garfield,COLLABORATED_WITH,Person,Jesse Eisenberg,0.7,2010,The Social Network
Person,Jesse Eisenberg,COLLABORATED_WITH,Person,Andrew Garfield,0.7,2010,The Social Network
Person,Andrew Garfield,COLLABORATED_WITH,Person,Justin Timberlake,0.7,2010,The Social Network
Person,Justin Timberlake,COLLABORATED_WITH,Person,Andrew Garfield,0.7,2010,The Social Network
Person,Jesse Eisenberg,COLLABORATED_WITH,Person,Justin Timberlake,0.7,2010,The Social Network
Person,Justin Timberlake,COLLABORATED_WITH,Person,Jesse Eisenberg,0.7,2010,The Social Network
Film,Gone Girl,RELEASED_IN,Country,United States,1,2014,release geography
Film,Gone Girl,BELONGS_TO_GENRE,Genre,Thriller,1,2014,genre tag
Film,Gone Girl,BELONGS_TO_GENRE,Genre,Drama,1,2014,genre tag
Film,Gone Girl,HAS_THEME,Theme,marriage,1,2014,theme tag
Film,Gone Girl,HAS_THEME,Theme,media,1,2014,theme tag
Film,Gone Girl,HAS_THEME,Theme,deception,1,2014,theme tag
Film,Gone Girl,USES_LANGUAGE,Language,English,1,2014,language
Film,Gone Girl,MARKET_TYPE,AudienceSegment,prestige,1,2014,market label
Film,Gone Girl,DISTRIBUTED_ON,Platform,Theatrical,1,2014,distribution
Film,Gone Girl,DISTRIBUTED_ON,Platform,Netflix,1,2014,distribution
Film,Gone Girl,ASSOCIATED_WITH_AWARD,Award,Academy Awards nomination,1,2014,award mention
Film,Gone Girl,DIRECTED_BY,Person,David Fincher,2,2014,director
Film,Gone Girl,ACTED_IN,Person,Ben Affleck,1.5,2014,principal cast
Film,Gone Girl,ACTED_IN,Person,Rosamund Pike,1.5,2014,principal cast
Film,Gone Girl,APPEALS_TO,AudienceSegment,Prestige-drama audience,1,2014,audience segment
Person,Ben Affleck,COLLABORATED_WITH,Person,Rosamund Pike,0.7,2014,Gone Girl
Person,Rosamund Pike,COLLABORATED_WITH,Person,Ben Affleck,0.7,2014,Gone Girl
Film,The Grand Budapest Hotel,RELEASED_IN,Country,United States,1,2014,release geography
Film,The Grand Budapest Hotel,BELONGS_TO_GENRE,Genre,Comedy,1,2014,genre tag
Film,The Grand Budapest Hotel,BELONGS_TO_GENRE,Genre,Drama,1,2014,genre tag
Film,The Grand Budapest Hotel,HAS_THEME,Theme,order,1,2014,theme tag
Film,The Grand Budapest Hotel,HAS_THEME,Theme,style,1,2014,theme tag
Film,The Grand Budapest Hotel,HAS_THEME,Theme,loss,1,2014,theme tag
Film,The Grand Budapest Hotel,USES_LANGUAGE,Language,English,1,2014,language
Film,The Grand Budapest Hotel,MARKET_TYPE,AudienceSegment,festival,1,2014,market label
Film,The Grand Budapest Hotel,DISTRIBUTED_ON,Platform,Theatrical,1,2014,distribution
Film,The Grand Budapest Hotel,DISTRIBUTED_ON,Platform,Criterion Channel,1,2014,distribution
Film,The Grand Budapest Hotel,ASSOCIATED_WITH_AWARD,Award,Academy Awards,1,2014,award mention
Film,The Grand Budapest Hotel,DIRECTED_BY,Person,Wes Anderson,2,2014,director
Film,The Grand Budapest Hotel,ACTED_IN,Person,Ralph Fiennes,1.5,2014,principal cast
Film,The Grand Budapest Hotel,ACTED_IN,Person,Tony Revolori,1.5,2014,principal cast
Film,The Grand Budapest Hotel,ACTED_IN,Person,Saoirse Ronan,1.5,2014,principal cast
Film,The Grand Budapest Hotel,APPEALS_TO,AudienceSegment,Prestige-drama audience,1,2014,audience segment
Person,Ralph Fiennes,COLLABORATED_WITH,Person,Saoirse Ronan,0.7,2014,The Grand Budapest Hotel
Person,Saoirse Ronan,COLLABORATED_WITH,Person,Ralph Fiennes,0.7,2014,The Grand Budapest Hotel
Person,Ralph Fiennes,COLLABORATED_WITH,Person,Tony Revolori,0.7,2014,The Grand Budapest Hotel
Person,Tony Revolori,COLLABORATED_WITH,Person,Ralph Fiennes,0.7,2014,The Grand Budapest Hotel
Person,Saoirse Ronan,COLLABORATED_WITH,Person,Tony Revolori,0.7,2014,The Grand Budapest Hotel
Person,Tony Revolori,COLLABORATED_WITH,Person,Saoirse Ronan,0.7,2014,The Grand Budapest Hotel
Film,Asteroid City,RELEASED_IN,Country,United States,1,2023,release geography
Film,Asteroid City,BELONGS_TO_GENRE,Genre,Comedy,1,2023,genre tag
Film,Asteroid City,BELONGS_TO_GENRE,Genre,Sci-Fi,1,2023,genre tag
Film,Asteroid City,HAS_THEME,Theme,grief,1,2023,theme tag
Film,Asteroid City,HAS_THEME,Theme,performance,1,2023,theme tag
Film,Asteroid City,HAS_THEME,Theme,curiosity,1,2023,theme tag
Film,Asteroid City,USES_LANGUAGE,Language,English,1,2023,language
Film,Asteroid City,MARKET_TYPE,AudienceSegment,festival,1,2023,market label
Film,Asteroid City,DISTRIBUTED_ON,Platform,Theatrical,1,2023,distribution
Film,Asteroid City,DISTRIBUTED_ON,Platform,Peacock,1,2023,distribution
Film,Asteroid City,ASSOCIATED_WITH_AWARD,Award,Cannes Competition,1,2023,award mention
Film,Asteroid City,DIRECTED_BY,Person,Wes Anderson,2,2023,director
Film,Asteroid City,ACTED_IN,Person,Jason Schwartzman,1.5,2023,principal cast
Film,Asteroid City,ACTED_IN,Person,Scarlett Johansson,1.5,2023,principal cast
Film,Asteroid City,ACTED_IN,Person,Tom Hanks,1.5,2023,principal cast
Film,Asteroid City,APPEALS_TO,AudienceSegment,Mainstream audience,1,2023,audience segment
Person,Jason Schwartzman,COLLABORATED_WITH,Person,Scarlett Johansson,0.7,2023,Asteroid City
Person,Scarlett Johansson,COLLABORATED_WITH,Person,Jason Schwartzman,0.7,2023,Asteroid City
Person,Jason Schwartzman,COLLABORATED_WITH,Person,Tom Hanks,0.7,2023,Asteroid City
Person,Tom Hanks,COLLABORATED_WITH,Person,Jason Schwartzman,0.7,2023,Asteroid City
Person,Scarlett Johansson,COLLABORATED_WITH,Person,Tom Hanks,0.7,2023,Asteroid City
Person,Tom Hanks,COLLABORATED_WITH,Person,Scarlett Johansson,0.7,2023,Asteroid City
Film,Arrival,RELEASED_IN,Country,United States,1,2016,release geography
Film,Arrival,BELONGS_TO_GENRE,Genre,Sci-Fi,1,2016,genre tag
Film,Arrival,BELONGS_TO_GENRE,Genre,Drama,1,2016,genre tag
Film,Arrival,HAS_THEME,Theme,language,1,2016,theme tag
Film,Arrival,HAS_THEME,Theme,time,1,2016,theme tag
Film,Arrival,HAS_THEME,Theme,contact,1,2016,theme tag
Film,Arrival,USES_LANGUAGE,Language,English,1,2016,language
Film,Arrival,MARKET_TYPE,AudienceSegment,prestige,1,2016,market label
Film,Arrival,DISTRIBUTED_ON,Platform,Theatrical,1,2016,distribution
Film,Arrival,DISTRIBUTED_ON,Platform,Paramount+,1,2016,distribution
Film,Arrival,ASSOCIATED_WITH_AWARD,Award,Academy Awards,1,2016,award mention
Film,Arrival,DIRECTED_BY,Person,Denis Villeneuve,2,2016,director
Film,Arrival,ACTED_IN,Person,Amy Adams,1.5,2016,principal cast
Film,Arrival,ACTED_IN,Person,Jeremy Renner,1.5,2016,principal cast
Film,Arrival,ACTED_IN,Person,Forest Whitaker,1.5,2016,principal cast
Film,Arrival,APPEALS_TO,AudienceSegment,Prestige-drama audience,1,2016,audience segment
Person,Amy Adams,COLLABORATED_WITH,Person,Forest Whitaker,0.7,2016,Arrival
Person,Forest Whitaker,COLLABORATED_WITH,Person,Amy Adams,0.7,2016,Arrival
Person,Amy Adams,COLLABORATED_WITH,Person,Jeremy Renner,0.7,2016,Arrival
Person,Jeremy Renner,COLLABORATED_WITH,Person,Amy Adams,0.7,2016,Arrival
Person,Forest Whitaker,COLLABORATED_WITH,Person,Jeremy Renner,0.7,2016,Arrival
Person,Jeremy Renner,COLLABORATED_WITH,Person,Forest Whitaker,0.7,2016,Arrival
Film,Dune,RELEASED_IN,Country,United States,1,2021,release geography
Film,Dune,BELONGS_TO_GENRE,Genre,Sci-Fi,1,2021,genre tag
Film,Dune,BELONGS_TO_GENRE,Genre,Adventure,1,2021,genre tag
Film,Dune,HAS_THEME,Theme,desert,1,2021,theme tag
Film,Dune,HAS_THEME,Theme,power,1,2021,theme tag
Film,Dune,HAS_THEME,Theme,destiny,1,2021,theme tag
Film,Dune,USES_LANGUAGE,Language,English,1,2021,language
Film,Dune,MARKET_TYPE,AudienceSegment,global,1,2021,market label
Film,Dune,DISTRIBUTED_ON,Platform,Theatrical,1,2021,distribution
Film,Dune,DISTRIBUTED_ON,Platform,Max,1,2021,distribution
Film,Dune,ASSOCIATED_WITH_AWARD,Award,Academy Awards,1,2021,award mention
Film,Dune,ASSOCIATED_WITH_AWARD,Award,BAFTA,1,2021,award mention
Film,Dune,DIRECTED_BY,Person,Denis Villeneuve,2,2021,director
Film,Dune,ACTED_IN,Person,Timothée Chalamet,1.5,2021,principal cast
Film,Dune,ACTED_IN,Person,Zendaya,1.5,2021,principal cast
Film,Dune,ACTED_IN,Person,Rebecca Ferguson,1.5,2021,principal cast
Film,Dune,APPEALS_TO,AudienceSegment,Action franchise audience,1,2021,audience segment
Person,Rebecca Ferguson,COLLABORATED_WITH,Person,Timothée Chalamet,0.7,2021,Dune
Person,Timothée Chalamet,COLLABORATED_WITH,Person,Rebecca Ferguson,0.7,2021,Dune
Person,Rebecca Ferguson,COLLABORATED_WITH,Person,Zendaya,0.7,2021,Dune
Person,Zendaya,COLLABORATED_WITH,Person,Rebecca Ferguson,0.7,2021,Dune
Person,Timothée Chalamet,COLLABORATED_WITH,Person,Zendaya,0.7,2021,Dune
Person,Zendaya,COLLABORATED_WITH,Person,Timothée Chalamet,0.7,2021,Dune
Film,Blade Runner 2049,RELEASED_IN,Country,United States,1,2017,release geography
Film,Blade Runner 2049,BELONGS_TO_GENRE,Genre,Sci-Fi,1,2017,genre tag
Film,Blade Runner 2049,BELONGS_TO_GENRE,Genre,Noir,1,2017,genre tag
Film,Blade Runner 2049,HAS_THEME,Theme,memory,1,2017,theme tag
Film,Blade Runner 2049,HAS_THEME,Theme,identity,1,2017,theme tag
Film,Blade Runner 2049,HAS_THEME,Theme,future,1,2017,theme tag
Film,Blade Runner 2049,USES_LANGUAGE,Language,English,1,2017,language
Film,Blade Runner 2049,MARKET_TYPE,AudienceSegment,prestige,1,2017,market label
Film,Blade Runner 2049,DISTRIBUTED_ON,Platform,Theatrical,1,2017,distribution
Film,Blade Runner 2049,DISTRIBUTED_ON,Platform,Netflix,1,2017,distribution
Film,Blade Runner 2049,ASSOCIATED_WITH_AWARD,Award,Academy Awards,1,2017,award mention
Film,Blade Runner 2049,DIRECTED_BY,Person,Denis Villeneuve,2,2017,director
Film,Blade Runner 2049,ACTED_IN,Person,Ryan Gosling,1.5,2017,principal cast
Film,Blade Runner 2049,ACTED_IN,Person,Harrison Ford,1.5,2017,principal cast
Film,Blade Runner 2049,ACTED_IN,Person,Ana de Armas,1.5,2017,principal cast
Film,Blade Runner 2049,APPEALS_TO,AudienceSegment,Mainstream audience,1,2017,audience segment
Person,Ana de Armas,COLLABORATED_WITH,Person,Harrison Ford,0.7,2017,Blade Runner 2049
Person,Harrison Ford,COLLABORATED_WITH,Person,Ana de Armas,0.7,2017,Blade Runner 2049
Person,Ana de Armas,COLLABORATED_WITH,Person,Ryan Gosling,0.7,2017,Blade Runner 2049
Person,Ryan Gosling,COLLABORATED_WITH,Person,Ana de Armas,0.7,2017,Blade Runner 2049
Person,Harrison Ford,COLLABORATED_WITH,Person,Ryan Gosling,0.7,2017,Blade Runner 2049
Person,Ryan Gosling,COLLABORATED_WITH,Person,Harrison Ford,0.7,2017,Blade Runner 2049
Film,Whiplash,RELEASED_IN,Country,United States,1,2014,release geography
Film,Whiplash,BELONGS_TO_GENRE,Genre,Drama,1,2014,genre tag
Film,Whiplash,BELONGS_TO_GENRE,Genre,Music,1,2014,genre tag
Film,Whiplash,HAS_THEME,Theme,ambition,1,2014,theme tag
Film,Whiplash,HAS_THEME,Theme,discipline,1,2014,theme tag
Film,Whiplash,HAS_THEME,Theme,pressure,1,2014,theme tag
Film,Whiplash,USES_LANGUAGE,Language,English,1,2014,language
Film,Whiplash,MARKET_TYPE,AudienceSegment,prestige,1,2014,market label
Film,Whiplash,DISTRIBUTED_ON,Platform,Theatrical,1,2014,distribution
Film,Whiplash,DISTRIBUTED_ON,Platform,Netflix,1,2014,distribution
Film,Whiplash,ASSOCIATED_WITH_AWARD,Award,Academy Awards,1,2014,award mention
Film,Whiplash,DIRECTED_BY,Person,Damien Chazelle,2,2014,director
Film,Whiplash,ACTED_IN,Person,Miles Teller,1.5,2014,principal cast
Film,Whiplash,ACTED_IN,Person,J.K. Simmons,1.5,2014,principal cast
Film,Whiplash,APPEALS_TO,AudienceSegment,Prestige-drama audience,1,2014,audience segment
Person,J.K. Simmons,COLLABORATED_WITH,Person,Miles Teller,0.7,2014,Whiplash
Person,Miles Teller,COLLABORATED_WITH,Person,J.K. Simmons,0.7,2014,Whiplash
Film,La La Land,RELEASED_IN,Country,United States,1,2016,release geography
Film,La La Land,BELONGS_TO_GENRE,Genre,Music,1,2016,genre tag
Film,La La Land,BELONGS_TO_GENRE,Genre,Romance,1,2016,genre tag
Film,La La Land,HAS_THEME,Theme,dreams,1,2016,theme tag
Film,La La Land,HAS_THEME,Theme,love,1,2016,theme tag
Film,La La Land,HAS_THEME,Theme,career,1,2016,theme tag
Film,La La Land,USES_LANGUAGE,Language,English,1,2016,language
Film,La La Land,MARKET_TYPE,AudienceSegment,prestige,1,2016,market label
Film,La La Land,DISTRIBUTED_ON,Platform,Theatrical,1,2016,distribution
Film,La La Land,DISTRIBUTED_ON,Platform,Netflix,1,2016,distribution
Film,La La Land,ASSOCIATED_WITH_AWARD,Award,Academy Awards,1,2016,award mention
Film,La La Land,ASSOCIATED_WITH_AWARD,Award,Golden Globe,1,2016,award mention
Film,La La Land,DIRECTED_BY,Person,Damien Chazelle,2,2016,director
Film,La La Land,ACTED_IN,Person,Emma Stone,1.5,2016,principal cast
Film,La La Land,ACTED_IN,Person,Ryan Gosling,1.5,2016,principal cast
Film,La La Land,APPEALS_TO,AudienceSegment,Mainstream audience,1,2016,audience segment
Person,Emma Stone,COLLABORATED_WITH,Person,Ryan Gosling,0.7,2016,La La Land
Person,Ryan Gosling,COLLABORATED_WITH,Person,Emma Stone,0.7,2016,La La Land
Film,Moonlight,RELEASED_IN,Country,United States,1,2016,release geography
Film,Moonlight,BELONGS_TO_GENRE,Genre,Drama,1,2016,genre tag
Film,Moonlight,HAS_THEME,Theme,identity,1,2016,theme tag
Film,Moonlight,HAS_THEME,Theme,masculinity,1,2016,theme tag
Film,Moonlight,HAS_THEME,Theme,tenderness,1,2016,theme tag
Film,Moonlight,USES_LANGUAGE,Language,English,1,2016,language
Film,Moonlight,MARKET_TYPE,AudienceSegment,prestige,1,2016,market label
Film,Moonlight,DISTRIBUTED_ON,Platform,Theatrical,1,2016,distribution
Film,Moonlight,DISTRIBUTED_ON,Platform,Max,1,2016,distribution
Film,Moonlight,ASSOCIATED_WITH_AWARD,Award,Academy Awards,1,2016,award mention
Film,Moonlight,ASSOCIATED_WITH_AWARD,Award,Golden Globe,1,2016,award mention
Film,Moonlight,DIRECTED_BY,Person,Barry Jenkins,2,2016,director
Film,Moonlight,ACTED_IN,Person,Trevante Rhodes,1.5,2016,principal cast
Film,Moonlight,ACTED_IN,Person,Mahershala Ali,1.5,2016,principal cast
Film,Moonlight,ACTED_IN,Person,Naomie Harris,1.5,2016,principal cast
Film,Moonlight,APPEALS_TO,AudienceSegment,Prestige-drama audience,1,2016,audience segment
Person,Mahershala Ali,COLLABORATED_WITH,Person,Naomie Harris,0.7,2016,Moonlight
Person,Naomie Harris,COLLABORATED_WITH,Person,Mahershala Ali,0.7,2016,Moonlight
Person,Mahershala Ali,COLLABORATED_WITH,Person,Trevante Rhodes,0.7,2016,Moonlight
Person,Trevante Rhodes,COLLABORATED_WITH,Person,Mahershala Ali,0.7,2016,Moonlight
Person,Naomie Harris,COLLABORATED_WITH,Person,Trevante Rhodes,0.7,2016,Moonlight
Person,Trevante Rhodes,COLLABORATED_WITH,Person,Naomie Harris,0.7,2016,Moonlight
Film,If Beale Street Could Talk,RELEASED_IN,Country,United States,1,2018,release geography
Film,If Beale Street Could Talk,BELONGS_TO_GENRE,Genre,Drama,1,2018,genre tag
Film,If Beale Street Could Talk,BELONGS_TO_GENRE,Genre,Romance,1,2018,genre tag
Film,If Beale Street Could Talk,HAS_THEME,Theme,love,1,2018,theme tag
Film,If Beale Street Could Talk,HAS_THEME,Theme,justice,1,2018,theme tag
Film,If Beale Street Could Talk,HAS_THEME,Theme,family,1,2018,theme tag
Film,If Beale Street Could Talk,USES_LANGUAGE,Language,English,1,2018,language
Film,If Beale Street Could Talk,MARKET_TYPE,AudienceSegment,prestige,1,2018,market label
Film,If Beale Street Could Talk,DISTRIBUTED_ON,Platform,Theatrical,1,2018,distribution
Film,If Beale Street Could Talk,DISTRIBUTED_ON,Platform,Amazon Prime Video,1,2018,distribution
Film,If Beale Street Could Talk,ASSOCIATED_WITH_AWARD,Award,Academy Awards,1,2018,award mention
Film,If Beale Street Could Talk,DIRECTED_BY,Person,Barry Jenkins,2,2018,director
Film,If Beale Street Could Talk,ACTED_IN,Person,KiKi Layne,1.5,2018,principal cast
Film,If Beale Street Could Talk,ACTED_IN,Person,Stephan James,1.5,2018,principal cast
Film,If Beale Street Could Talk,ACTED_IN,Person,Regina King,1.5,2018,principal cast
Film,If Beale Street Could Talk,APPEALS_TO,AudienceSegment,Prestige-drama audience,1,2018,audience segment
Person,KiKi Layne,COLLABORATED_WITH,Person,Regina King,0.7,2018,If Beale Street Could Talk
Person,Regina King,COLLABORATED_WITH,Person,KiKi Layne,0.7,2018,If Beale Street Could Talk
Person,KiKi Layne,COLLABORATED_WITH,Person,Stephan James,0.7,2018,If Beale Street Could Talk
Person,Stephan James,COLLABORATED_WITH,Person,KiKi Layne,0.7,2018,If Beale Street Could Talk
Person,Regina King,COLLABORATED_WITH,Person,Stephan James,0.7,2018,If Beale Street Could Talk
Person,Stephan James,COLLABORATED_WITH,Person,Regina King,0.7,2018,If Beale Street Could Talk
Film,Do the Right Thing,RELEASED_IN,Country,United States,1,1989,release geography
Film,Do the Right Thing,BELONGS_TO_GENRE,Genre,Drama,1,1989,genre tag
Film,Do the Right Thing,BELONGS_TO_GENRE,Genre,Comedy,1,1989,genre tag
Film,Do the Right Thing,HAS_THEME,Theme,race,1,1989,theme tag
Film,Do the Right Thing,HAS_THEME,Theme,heat,1,1989,theme tag
Film,Do the Right Thing,HAS_THEME,Theme,community,1,1989,theme tag
Film,Do the Right Thing,USES_LANGUAGE,Language,English,1,1989,language
Film,Do the Right Thing,MARKET_TYPE,AudienceSegment,prestige,1,1989,market label
Film,Do the Right Thing,DISTRIBUTED_ON,Platform,Theatrical,1,1989,distribution
Film,Do the Right Thing,DISTRIBUTED_ON,Platform,Criterion Channel,1,1989,distribution
Film,Do the Right Thing,ASSOCIATED_WITH_AWARD,Award,Academy Awards nomination,1,1989,award mention
Film,Do the Right Thing,DIRECTED_BY,Person,Spike Lee,2,1989,director
Film,Do the Right Thing,ACTED_IN,Person,Danny Aiello,1.5,1989,principal cast
Film,Do the Right Thing,ACTED_IN,Person,Ossie Davis,1.5,1989,principal cast
Film,Do the Right Thing,ACTED_IN,Person,Ruby Dee,1.5,1989,principal cast
Film,Do the Right Thing,APPEALS_TO,AudienceSegment,Prestige-drama audience,1,1989,audience segment
Person,Danny Aiello,COLLABORATED_WITH,Person,Ossie Davis,0.7,1989,Do the Right Thing
Person,Ossie Davis,COLLABORATED_WITH,Person,Danny Aiello,0.7,1989,Do the Right Thing
Person,Danny Aiello,COLLABORATED_WITH,Person,Ruby Dee,0.7,1989,Do the Right Thing
Person,Ruby Dee,COLLABORATED_WITH,Person,Danny Aiello,0.7,1989,Do the Right Thing
Person,Ossie Davis,COLLABORATED_WITH,Person,Ruby Dee,0.7,1989,Do the Right Thing
Person,Ruby Dee,COLLABORATED_WITH,Person,Ossie Davis,0.7,1989,Do the Right Thing
Film,BlacKkKlansman,RELEASED_IN,Country,United States,1,2018,release geography
Film,BlacKkKlansman,BELONGS_TO_GENRE,Genre,Crime,1,2018,genre tag
Film,BlacKkKlansman,BELONGS_TO_GENRE,Genre,Drama,1,2018,genre tag
Film,BlacKkKlansman,HAS_THEME,Theme,race,1,2018,theme tag
Film,BlacKkKlansman,HAS_THEME,Theme,infiltration,1,2018,theme tag
Film,BlacKkKlansman,HAS_THEME,Theme,history,1,2018,theme tag
Film,BlacKkKlansman,USES_LANGUAGE,Language,English,1,2018,language
Film,BlacKkKlansman,MARKET_TYPE,AudienceSegment,prestige,1,2018,market label
Film,BlacKkKlansman,DISTRIBUTED_ON,Platform,Theatrical,1,2018,distribution
Film,BlacKkKlansman,DISTRIBUTED_ON,Platform,Peacock,1,2018,distribution
Film,BlacKkKlansman,ASSOCIATED_WITH_AWARD,Award,Academy Awards,1,2018,award mention
Film,BlacKkKlansman,ASSOCIATED_WITH_AWARD,Award,Cannes Grand Prix,1,2018,award mention
Film,BlacKkKlansman,DIRECTED_BY,Person,Spike Lee,2,2018,director
Film,BlacKkKlansman,ACTED_IN,Person,John David Washington,1.5,2018,principal cast
Film,BlacKkKlansman,ACTED_IN,Person,Adam Driver,1.5,2018,principal cast
Film,BlacKkKlansman,ACTED_IN,Person,Laura Harrier,1.5,2018,principal cast
Film,BlacKkKlansman,APPEALS_TO,AudienceSegment,Prestige-drama audience,1,2018,audience segment
Person,Adam Driver,COLLABORATED_WITH,Person,John David Washington,0.7,2018,BlacKkKlansman
Person,John David Washington,COLLABORATED_WITH,Person,Adam Driver,0.7,2018,BlacKkKlansman
Person,Adam Driver,COLLABORATED_WITH,Person,Laura Harrier,0.7,2018,BlacKkKlansman
Person,Laura Harrier,COLLABORATED_WITH,Person,Adam Driver,0.7,2018,BlacKkKlansman
Person,John David Washington,COLLABORATED_WITH,Person,Laura Harrier,0.7,2018,BlacKkKlansman
Person,Laura Harrier,COLLABORATED_WITH,Person,John David Washington,0.7,2018,BlacKkKlansman
Film,Alien,RELEASED_IN,Country,United States,1,1979,release geography
Film,Alien,BELONGS_TO_GENRE,Genre,Sci-Fi,1,1979,genre tag
Film,Alien,BELONGS_TO_GENRE,Genre,Horror,1,1979,genre tag
Film,Alien,HAS_THEME,Theme,survival,1,1979,theme tag
Film,Alien,HAS_THEME,Theme,fear,1,1979,theme tag
Film,Alien,HAS_THEME,Theme,isolation,1,1979,theme tag
Film,Alien,USES_LANGUAGE,Language,English,1,1979,language
Film,Alien,MARKET_TYPE,AudienceSegment,classic,1,1979,market label
Film,Alien,DISTRIBUTED_ON,Platform,Theatrical,1,1979,distribution
Film,Alien,DISTRIBUTED_ON,Platform,Disney+,1,1979,distribution
Film,Alien,ASSOCIATED_WITH_AWARD,Award,Academy Awards,1,1979,award mention
Film,Alien,DIRECTED_BY,Person,Ridley Scott,2,1979,director
Film,Alien,ACTED_IN,Person,Sigourney Weaver,1.5,1979,principal cast
Film,Alien,ACTED_IN,Person,Tom Skerritt,1.5,1979,principal cast
Film,Alien,ACTED_IN,Person,John Hurt,1.5,1979,principal cast
Film,Alien,APPEALS_TO,AudienceSegment,Mainstream audience,1,1979,audience segment
Person,John Hurt,COLLABORATED_WITH,Person,Sigourney Weaver,0.7,1979,Alien
Person,Sigourney Weaver,COLLABORATED_WITH,Person,John Hurt,0.7,1979,Alien
Person,John Hurt,COLLABORATED_WITH,Person,Tom Skerritt,0.7,1979,Alien
Person,Tom Skerritt,COLLABORATED_WITH,Person,John Hurt,0.7,1979,Alien
Person,Sigourney Weaver,COLLABORATED_WITH,Person,Tom Skerritt,0.7,1979,Alien
Person,Tom Skerritt,COLLABORATED_WITH,Person,Sigourney Weaver,0.7,1979,Alien
Film,Gladiator,RELEASED_IN,Country,United States,1,2000,release geography
Film,Gladiator,BELONGS_TO_GENRE,Genre,Action,1,2000,genre tag
Film,Gladiator,BELONGS_TO_GENRE,Genre,Historical,1,2000,genre tag
Film,Gladiator,HAS_THEME,Theme,honor,1,2000,theme tag
Film,Gladiator,HAS_THEME,Theme,revenge,1,2000,theme tag
Film,Gladiator,HAS_THEME,Theme,empire,1,2000,theme tag
Film,Gladiator,USES_LANGUAGE,Language,English,1,2000,language
Film,Gladiator,MARKET_TYPE,AudienceSegment,prestige,1,2000,market label
Film,Gladiator,DISTRIBUTED_ON,Platform,Theatrical,1,2000,distribution
Film,Gladiator,DISTRIBUTED_ON,Platform,Peacock,1,2000,distribution
Film,Gladiator,ASSOCIATED_WITH_AWARD,Award,Academy Awards,1,2000,award mention
Film,Gladiator,ASSOCIATED_WITH_AWARD,Award,Golden Globe,1,2000,award mention
Film,Gladiator,DIRECTED_BY,Person,Ridley Scott,2,2000,director
Film,Gladiator,ACTED_IN,Person,Russell Crowe,1.5,2000,principal cast
Film,Gladiator,ACTED_IN,Person,Joaquin Phoenix,1.5,2000,principal cast
Film,Gladiator,ACTED_IN,Person,Connie Nielsen,1.5,2000,principal cast
Film,Gladiator,APPEALS_TO,AudienceSegment,Action franchise audience,1,2000,audience segment
Person,Connie Nielsen,COLLABORATED_WITH,Person,Joaquin Phoenix,0.7,2000,Gladiator
Person,Joaquin Phoenix,COLLABORATED_WITH,Person,Connie Nielsen,0.7,2000,Gladiator
Person,Connie Nielsen,COLLABORATED_WITH,Person,Russell Crowe,0.7,2000,Gladiator
Person,Russell Crowe,COLLABORATED_WITH,Person,Connie Nielsen,0.7,2000,Gladiator
Person,Joaquin Phoenix,COLLABORATED_WITH,Person,Russell Crowe,0.7,2000,Gladiator
Person,Russell Crowe,COLLABORATED_WITH,Person,Joaquin Phoenix,0.7,2000,Gladiator
Film,The Martian,RELEASED_IN,Country,United States,1,2015,release geography
Film,The Martian,BELONGS_TO_GENRE,Genre,Sci-Fi,1,2015,genre tag
Film,The Martian,BELONGS_TO_GENRE,Genre,Adventure,1,2015,genre tag
Film,The Martian,HAS_THEME,Theme,survival,1,2015,theme tag
Film,The Martian,HAS_THEME,Theme,science,1,2015,theme tag
Film,The Martian,HAS_THEME,Theme,teamwork,1,2015,theme tag
Film,The Martian,USES_LANGUAGE,Language,English,1,2015,language
Film,The Martian,MARKET_TYPE,AudienceSegment,mainstream,1,2015,market label
Film,The Martian,DISTRIBUTED_ON,Platform,Theatrical,1,2015,distribution
Film,The Martian,DISTRIBUTED_ON,Platform,Hulu,1,2015,distribution
Film,The Martian,ASSOCIATED_WITH_AWARD,Award,Academy Awards,1,2015,award mention
Film,The Martian,ASSOCIATED_WITH_AWARD,Award,Golden Globe,1,2015,award mention
Film,The Martian,DIRECTED_BY,Person,Ridley Scott,2,2015,director
Film,The Martian,ACTED_IN,Person,Matt Damon,1.5,2015,principal cast
Film,The Martian,ACTED_IN,Person,Jessica Chastain,1.5,2015,principal cast
Film,The Martian,ACTED_IN,Person,Chiwetel Ejiofor,1.5,2015,principal cast
Film,The Martian,APPEALS_TO,AudienceSegment,Action franchise audience,1,2015,audience segment
Person,Chiwetel Ejiofor,COLLABORATED_WITH,Person,Jessica Chastain,0.7,2015,The Martian
Person,Jessica Chastain,COLLABORATED_WITH,Person,Chiwetel Ejiofor,0.7,2015,The Martian
Person,Chiwetel Ejiofor,COLLABORATED_WITH,Person,Matt Damon,0.7,2015,The Martian
Person,Matt Damon,COLLABORATED_WITH,Person,Chiwetel Ejiofor,0.7,2015,The Martian
Person,Jessica Chastain,COLLABORATED_WITH,Person,Matt Damon,0.7,2015,The Martian
Person,Matt Damon,COLLABORATED_WITH,Person,Jessica Chastain,0.7,2015,The Martian
Film,The Godfather Part II,RELEASED_IN,Country,United States,1,1974,release geography
Film,The Godfather Part II,BELONGS_TO_GENRE,Genre,Crime,1,1974,genre tag
Film,The Godfather Part II,BELONGS_TO_GENRE,Genre,Drama,1,1974,genre tag
Film,The Godfather Part II,HAS_THEME,Theme,legacy,1,1974,theme tag
Film,The Godfather Part II,HAS_THEME,Theme,family,1,1974,theme tag
Film,The Godfather Part II,HAS_THEME,Theme,power,1,1974,theme tag
Film,The Godfather Part II,USES_LANGUAGE,Language,English,1,1974,language
Film,The Godfather Part II,MARKET_TYPE,AudienceSegment,classic,1,1974,market label
Film,The Godfather Part II,DISTRIBUTED_ON,Platform,Theatrical,1,1974,distribution
Film,The Godfather Part II,DISTRIBUTED_ON,Platform,Paramount+,1,1974,distribution
Film,The Godfather Part II,ASSOCIATED_WITH_AWARD,Award,Academy Awards,1,1974,award mention
Film,The Godfather Part II,DIRECTED_BY,Person,Francis Ford Coppola,2,1974,director
Film,The Godfather Part II,ACTED_IN,Person,Al Pacino,1.5,1974,principal cast
Film,The Godfather Part II,ACTED_IN,Person,Robert De Niro,1.5,1974,principal cast
Film,The Godfather Part II,ACTED_IN,Person,Diane Keaton,1.5,1974,principal cast
Film,The Godfather Part II,APPEALS_TO,AudienceSegment,Mainstream audience,1,1974,audience segment
Person,Al Pacino,COLLABORATED_WITH,Person,Diane Keaton,0.7,1974,The Godfather Part II
Person,Diane Keaton,COLLABORATED_WITH,Person,Al Pacino,0.7,1974,The Godfather Part II
Person,Al Pacino,COLLABORATED_WITH,Person,Robert De Niro,0.7,1974,The Godfather Part II
Person,Robert De Niro,COLLABORATED_WITH,Person,Al Pacino,0.7,1974,The Godfather Part II
Person,Diane Keaton,COLLABORATED_WITH,Person,Robert De Niro,0.7,1974,The Godfather Part II
Person,Robert De Niro,COLLABORATED_WITH,Person,Diane Keaton,0.7,1974,The Godfather Part II
Film,Apocalypse Now,RELEASED_IN,Country,United States,1,1979,release geography
Film,Apocalypse Now,BELONGS_TO_GENRE,Genre,War,1,1979,genre tag
Film,Apocalypse Now,BELONGS_TO_GENRE,Genre,Drama,1,1979,genre tag
Film,Apocalypse Now,HAS_THEME,Theme,war,1,1979,theme tag
Film,Apocalypse Now,HAS_THEME,Theme,madness,1,1979,theme tag
Film,Apocalypse Now,HAS_THEME,Theme,imperialism,1,1979,theme tag
Film,Apocalypse Now,USES_LANGUAGE,Language,English,1,1979,language
Film,Apocalypse Now,MARKET_TYPE,AudienceSegment,classic,1,1979,market label
Film,Apocalypse Now,DISTRIBUTED_ON,Platform,Theatrical,1,1979,distribution
Film,Apocalypse Now,DISTRIBUTED_ON,Platform,Paramount+,1,1979,distribution
Film,Apocalypse Now,ASSOCIATED_WITH_AWARD,Award,Cannes Palme d'Or,1,1979,award mention
Film,Apocalypse Now,DIRECTED_BY,Person,Francis Ford Coppola,2,1979,director
Film,Apocalypse Now,ACTED_IN,Person,Martin Sheen,1.5,1979,principal cast
Film,Apocalypse Now,ACTED_IN,Person,Marlon Brando,1.5,1979,principal cast
Film,Apocalypse Now,ACTED_IN,Person,Robert Duvall,1.5,1979,principal cast
Film,Apocalypse Now,APPEALS_TO,AudienceSegment,Mainstream audience,1,1979,audience segment
Person,Marlon Brando,COLLABORATED_WITH,Person,Martin Sheen,0.7,1979,Apocalypse Now
Person,Martin Sheen,COLLABORATED_WITH,Person,Marlon Brando,0.7,1979,Apocalypse Now
Person,Marlon Brando,COLLABORATED_WITH,Person,Robert Duvall,0.7,1979,Apocalypse Now
Person,Robert Duvall,COLLABORATED_WITH,Person,Marlon Brando,0.7,1979,Apocalypse Now
Person,Martin Sheen,COLLABORATED_WITH,Person,Robert Duvall,0.7,1979,Apocalypse Now
Person,Robert Duvall,COLLABORATED_WITH,Person,Martin Sheen,0.7,1979,Apocalypse Now
Film,American Graffiti,RELEASED_IN,Country,United States,1,1973,release geography
Film,American Graffiti,BELONGS_TO_GENRE,Genre,Comedy,1,1973,genre tag
Film,American Graffiti,BELONGS_TO_GENRE,Genre,Drama,1,1973,genre tag
Film,American Graffiti,HAS_THEME,Theme,youth,1,1973,theme tag
Film,American Graffiti,HAS_THEME,Theme,nostalgia,1,1973,theme tag
Film,American Graffiti,HAS_THEME,Theme,night,1,1973,theme tag
Film,American Graffiti,USES_LANGUAGE,Language,English,1,1973,language
Film,American Graffiti,MARKET_TYPE,AudienceSegment,classic,1,1973,market label
Film,American Graffiti,DISTRIBUTED_ON,Platform,Theatrical,1,1973,distribution
Film,American Graffiti,DISTRIBUTED_ON,Platform,Peacock,1,1973,distribution
Film,American Graffiti,ASSOCIATED_WITH_AWARD,Award,Academy Awards nomination,1,1973,award mention
Film,American Graffiti,DIRECTED_BY,Person,George Lucas,2,1973,director
Film,American Graffiti,ACTED_IN,Person,Richard Dreyfuss,1.5,1973,principal cast
Film,American Graffiti,ACTED_IN,Person,Ron Howard,1.5,1973,principal cast
Film,American Graffiti,ACTED_IN,Person,Cindy Williams,1.5,1973,principal cast
Film,American Graffiti,APPEALS_TO,AudienceSegment,Mainstream audience,1,1973,audience segment
Person,Cindy Williams,COLLABORATED_WITH,Person,Richard Dreyfuss,0.7,1973,American Graffiti
Person,Richard Dreyfuss,COLLABORATED_WITH,Person,Cindy Williams,0.7,1973,American Graffiti
Person,Cindy Williams,COLLABORATED_WITH,Person,Ron Howard,0.7,1973,American Graffiti
Person,Ron Howard,COLLABORATED_WITH,Person,Cindy Williams,0.7,1973,American Graffiti
Person,Richard Dreyfuss,COLLABORATED_WITH,Person,Ron Howard,0.7,1973,American Graffiti
Person,Ron Howard,COLLABORATED_WITH,Person,Richard Dreyfuss,0.7,1973,American Graffiti
Film,There Will Be Blood,RELEASED_IN,Country,United States,1,2007,release geography
Film,There Will Be Blood,BELONGS_TO_GENRE,Genre,Drama,1,2007,genre tag
Film,There Will Be Blood,HAS_THEME,Theme,ambition,1,2007,theme tag
Film,There Will Be Blood,HAS_THEME,Theme,oil,1,2007,theme tag
Film,There Will Be Blood,HAS_THEME,Theme,greed,1,2007,theme tag
Film,There Will Be Blood,USES_LANGUAGE,Language,English,1,2007,language
Film,There Will Be Blood,MARKET_TYPE,AudienceSegment,prestige,1,2007,market label
Film,There Will Be Blood,DISTRIBUTED_ON,Platform,Theatrical,1,2007,distribution
Film,There Will Be Blood,DISTRIBUTED_ON,Platform,Paramount+,1,2007,distribution
Film,There Will Be Blood,ASSOCIATED_WITH_AWARD,Award,Academy Awards,1,2007,award mention
Film,There Will Be Blood,ASSOCIATED_WITH_AWARD,Award,BAFTA,1,2007,award mention
Film,There Will Be Blood,DIRECTED_BY,Person,Paul Thomas Anderson,2,2007,director
Film,There Will Be Blood,ACTED_IN,Person,Daniel Day-Lewis,1.5,2007,principal cast
Film,There Will Be Blood,ACTED_IN,Person,Paul Dano,1.5,2007,principal cast
Film,There Will Be Blood,APPEALS_TO,AudienceSegment,Prestige-drama audience,1,2007,audience segment
Person,Daniel Day-Lewis,COLLABORATED_WITH,Person,Paul Dano,0.7,2007,There Will Be Blood
Person,Paul Dano,COLLABORATED_WITH,Person,Daniel Day-Lewis,0.7,2007,There Will Be Blood
Film,Licorice Pizza,RELEASED_IN,Country,United States,1,2021,release geography
Film,Licorice Pizza,BELONGS_TO_GENRE,Genre,Comedy,1,2021,genre tag
Film,Licorice Pizza,BELONGS_TO_GENRE,Genre,Drama,1,2021,genre tag
Film,Licorice Pizza,HAS_THEME,Theme,youth,1,2021,theme tag
Film,Licorice Pizza,HAS_THEME,Theme,nostalgia,1,2021,theme tag
Film,Licorice Pizza,HAS_THEME,Theme,first love,1,2021,theme tag
Film,Licorice Pizza,USES_LANGUAGE,Language,English,1,2021,language
Film,Licorice Pizza,MARKET_TYPE,AudienceSegment,festival,1,2021,market label
Film,Licorice Pizza,DISTRIBUTED_ON,Platform,Theatrical,1,2021,distribution
Film,Licorice Pizza,DISTRIBUTED_ON,Platform,Amazon Prime Video,1,2021,distribution
Film,Licorice Pizza,ASSOCIATED_WITH_AWARD,Award,Academy Awards nomination,1,2021,award mention
Film,Licorice Pizza,DIRECTED_BY,Person,Paul Thomas Anderson,2,2021,director
Film,Licorice Pizza,ACTED_IN,Person,Alana Haim,1.5,2021,principal cast
Film,Licorice Pizza,ACTED_IN,Person,Cooper Hoffman,1.5,2021,principal cast
Film,Licorice Pizza,ACTED_IN,Person,Sean Penn,1.5,2021,principal cast
Film,Licorice Pizza,APPEALS_TO,AudienceSegment,Prestige-drama audience,1,2021,audience segment
Person,Alana Haim,COLLABORATED_WITH,Person,Cooper Hoffman,0.7,2021,Licorice Pizza
Person,Cooper Hoffman,COLLABORATED_WITH,Person,Alana Haim,0.7,2021,Licorice Pizza
Person,Alana Haim,COLLABORATED_WITH,Person,Sean Penn,0.7,2021,Licorice Pizza
Person,Sean Penn,COLLABORATED_WITH,Person,Alana Haim,0.7,2021,Licorice Pizza
Person,Cooper Hoffman,COLLABORATED_WITH,Person,Sean Penn,0.7,2021,Licorice Pizza
Person,Sean Penn,COLLABORATED_WITH,Person,Cooper Hoffman,0.7,2021,Licorice Pizza
Film,Hereditary,RELEASED_IN,Country,United States,1,2018,release geography
Film,Hereditary,BELONGS_TO_GENRE,Genre,Horror,1,2018,genre tag
Film,Hereditary,BELONGS_TO_GENRE,Genre,Drama,1,2018,genre tag
Film,Hereditary,HAS_THEME,Theme,grief,1,2018,theme tag
Film,Hereditary,HAS_THEME,Theme,family,1,2018,theme tag
Film,Hereditary,HAS_THEME,Theme,dread,1,2018,theme tag
Film,Hereditary,USES_LANGUAGE,Language,English,1,2018,language
Film,Hereditary,MARKET_TYPE,AudienceSegment,horror,1,2018,market label
Film,Hereditary,DISTRIBUTED_ON,Platform,Theatrical,1,2018,distribution
Film,Hereditary,DISTRIBUTED_ON,Platform,Max,1,2018,distribution
Film,Hereditary,ASSOCIATED_WITH_AWARD,Award,Academy Awards nomination,1,2018,award mention
Film,Hereditary,DIRECTED_BY,Person,Ari Aster,2,2018,director
Film,Hereditary,ACTED_IN,Person,Toni Collette,1.5,2018,principal cast
Film,Hereditary,ACTED_IN,Person,Alex Wolff,1.5,2018,principal cast
Film,Hereditary,ACTED_IN,Person,Milly Shapiro,1.5,2018,principal cast
Film,Hereditary,APPEALS_TO,AudienceSegment,Mainstream audience,1,2018,audience segment
Person,Alex Wolff,COLLABORATED_WITH,Person,Milly Shapiro,0.7,2018,Hereditary
Person,Milly Shapiro,COLLABORATED_WITH,Person,Alex Wolff,0.7,2018,Hereditary
Person,Alex Wolff,COLLABORATED_WITH,Person,Toni Collette,0.7,2018,Hereditary
Person,Toni Collette,COLLABORATED_WITH,Person,Alex Wolff,0.7,2018,Hereditary
Person,Milly Shapiro,COLLABORATED_WITH,Person,Toni Collette,0.7,2018,Hereditary
Person,Toni Collette,COLLABORATED_WITH,Person,Milly Shapiro,0.7,2018,Hereditary
Film,Midsommar,RELEASED_IN,Country,United States,1,2019,release geography
Film,Midsommar,BELONGS_TO_GENRE,Genre,Horror,1,2019,genre tag
Film,Midsommar,BELONGS_TO_GENRE,Genre,Drama,1,2019,genre tag
Film,Midsommar,HAS_THEME,Theme,ritual,1,2019,theme tag
Film,Midsommar,HAS_THEME,Theme,breakup,1,2019,theme tag
Film,Midsommar,HAS_THEME,Theme,community,1,2019,theme tag
Film,Midsommar,USES_LANGUAGE,Language,English/Swedish,1,2019,language
Film,Midsommar,MARKET_TYPE,AudienceSegment,horror,1,2019,market label
Film,Midsommar,DISTRIBUTED_ON,Platform,Theatrical,1,2019,distribution
Film,Midsommar,DISTRIBUTED_ON,Platform,Max,1,2019,distribution
Film,Midsommar,ASSOCIATED_WITH_AWARD,Award,Academy Awards nomination,1,2019,award mention
Film,Midsommar,DIRECTED_BY,Person,Ari Aster,2,2019,director
Film,Midsommar,ACTED_IN,Person,Florence Pugh,1.5,2019,principal cast
Film,Midsommar,ACTED_IN,Person,Jack Reynor,1.5,2019,principal cast
Film,Midsommar,ACTED_IN,Person,Will Poulter,1.5,2019,principal cast
Film,Midsommar,APPEALS_TO,AudienceSegment,Mainstream audience,1,2019,audience segment
Person,Florence Pugh,COLLABORATED_WITH,Person,Jack Reynor,0.7,2019,Midsommar
Person,Jack Reynor,COLLABORATED_WITH,Person,Florence Pugh,0.7,2019,Midsommar
Person,Florence Pugh,COLLABORATED_WITH,Person,Will Poulter,0.7,2019,Midsommar
Person,Will Poulter,COLLABORATED_WITH,Person,Florence Pugh,0.7,2019,Midsommar
Person,Jack Reynor,COLLABORATED_WITH,Person,Will Poulter,0.7,2019,Midsommar
Person,Will Poulter,COLLABORATED_WITH,Person,Jack Reynor,0.7,2019,Midsommar
Film,Beau Is Afraid,RELEASED_IN,Country,United States,1,2023,release geography
Film,Beau Is Afraid,BELONGS_TO_GENRE,Genre,Comedy,1,2023,genre tag
Film,Beau Is Afraid,BELONGS_TO_GENRE,Genre,Horror,1,2023,genre tag
Film,Beau Is Afraid,HAS_THEME,Theme,anxiety,1,2023,theme tag
Film,Beau Is Afraid,HAS_THEME,Theme,family,1,2023,theme tag
Film,Beau Is Afraid,HAS_THEME,Theme,ordeal,1,2023,theme tag
Film,Beau Is Afraid,USES_LANGUAGE,Language,English,1,2023,language
Film,Beau Is Afraid,MARKET_TYPE,AudienceSegment,festival,1,2023,market label
Film,Beau Is Afraid,DISTRIBUTED_ON,Platform,Theatrical,1,2023,distribution
Film,Beau Is Afraid,DISTRIBUTED_ON,Platform,Apple TV+,1,2023,distribution
Film,Beau Is Afraid,ASSOCIATED_WITH_AWARD,Award,Cannes Competition,1,2023,award mention
Film,Beau Is Afraid,DIRECTED_BY,Person,Ari Aster,2,2023,director
Film,Beau Is Afraid,ACTED_IN,Person,Joaquin Phoenix,1.5,2023,principal cast
Film,Beau Is Afraid,ACTED_IN,Person,Patti LuPone,1.5,2023,principal cast
Film,Beau Is Afraid,APPEALS_TO,AudienceSegment,Mainstream audience,1,2023,audience segment
Person,Joaquin Phoenix,COLLABORATED_WITH,Person,Patti LuPone,0.7,2023,Beau Is Afraid
Person,Patti LuPone,COLLABORATED_WITH,Person,Joaquin Phoenix,0.7,2023,Beau Is Afraid
Film,Nomadland,RELEASED_IN,Country,United States,1,2020,release geography
Film,Nomadland,BELONGS_TO_GENRE,Genre,Drama,1,2020,genre tag
Film,Nomadland,HAS_THEME,Theme,mobility,1,2020,theme tag
Film,Nomadland,HAS_THEME,Theme,work,1,2020,theme tag
Film,Nomadland,HAS_THEME,Theme,landscape,1,2020,theme tag
Film,Nomadland,USES_LANGUAGE,Language,English,1,2020,language
Film,Nomadland,MARKET_TYPE,AudienceSegment,prestige,1,2020,market label
Film,Nomadland,DISTRIBUTED_ON,Platform,Hulu,1,2020,distribution
Film,Nomadland,DISTRIBUTED_ON,Platform,Theatrical,1,2020,distribution
Film,Nomadland,ASSOCIATED_WITH_AWARD,Award,Academy Awards,1,2020,award mention
Film,Nomadland,ASSOCIATED_WITH_AWARD,Award,Golden Globe,1,2020,award mention
Film,Nomadland,ASSOCIATED_WITH_AWARD,Award,Venice Golden Lion,1,2020,award mention
Film,Nomadland,DIRECTED_BY,Person,Chloé Zhao,2,2020,director
Film,Nomadland,ACTED_IN,Person,Frances McDormand,1.5,2020,principal cast
Film,Nomadland,ACTED_IN,Person,David Strathairn,1.5,2020,principal cast
Film,Nomadland,ACTED_IN,Person,Linda May,1.5,2020,principal cast
Film,Nomadland,APPEALS_TO,AudienceSegment,Prestige-drama audience,1,2020,audience segment
Person,David Strathairn,COLLABORATED_WITH,Person,Frances McDormand,0.7,2020,Nomadland
Person,Frances McDormand,COLLABORATED_WITH,Person,David Strathairn,0.7,2020,Nomadland
Person,David Strathairn,COLLABORATED_WITH,Person,Linda May,0.7,2020,Nomadland
Person,Linda May,COLLABORATED_WITH,Person,David Strathairn,0.7,2020,Nomadland
Person,Frances McDormand,COLLABORATED_WITH,Person,Linda May,0.7,2020,Nomadland
Person,Linda May,COLLABORATED_WITH,Person,Frances McDormand,0.7,2020,Nomadland
Film,The Rider,RELEASED_IN,Country,United States,1,2017,release geography
Film,The Rider,BELONGS_TO_GENRE,Genre,Drama,1,2017,genre tag
Film,The Rider,HAS_THEME,Theme,riding,1,2017,theme tag
Film,The Rider,HAS_THEME,Theme,identity,1,2017,theme tag
Film,The Rider,HAS_THEME,Theme,healing,1,2017,theme tag
Film,The Rider,USES_LANGUAGE,Language,English,1,2017,language
Film,The Rider,MARKET_TYPE,AudienceSegment,festival,1,2017,market label
Film,The Rider,DISTRIBUTED_ON,Platform,Theatrical,1,2017,distribution
Film,The Rider,DISTRIBUTED_ON,Platform,MUBI,1,2017,distribution
Film,The Rider,ASSOCIATED_WITH_AWARD,Award,Cannes Directors' Fortnight,1,2017,award mention
Film,The Rider,DIRECTED_BY,Person,Chloé Zhao,2,2017,director
Film,The Rider,ACTED_IN,Person,Brady Jandreau,1.5,2017,principal cast
Film,The Rider,ACTED_IN,Person,Tim Jandreau,1.5,2017,principal cast
Film,The Rider,ACTED_IN,Person,Lilly Jandreau,1.5,2017,principal cast
Film,The Rider,APPEALS_TO,AudienceSegment,Prestige-drama audience,1,2017,audience segment
Person,Brady Jandreau,COLLABORATED_WITH,Person,Lilly Jandreau,0.7,2017,The Rider
Person,Lilly Jandreau,COLLABORATED_WITH,Person,Brady Jandreau,0.7,2017,The Rider
Person,Brady Jandreau,COLLABORATED_WITH,Person,Tim Jandreau,0.7,2017,The Rider
Person,Tim Jandreau,COLLABORATED_WITH,Person,Brady Jandreau,0.7,2017,The Rider
Person,Lilly Jandreau,COLLABORATED_WITH,Person,Tim Jandreau,0.7,2017,The Rider
Person,Tim Jandreau,COLLABORATED_WITH,Person,Lilly Jandreau,0.7,2017,The Rider
Film,Eternals,RELEASED_IN,Country,United States,1,2021,release geography
Film,Eternals,BELONGS_TO_GENRE,Genre,Superhero,1,2021,genre tag
Film,Eternals,BELONGS_TO_GENRE,Genre,Adventure,1,2021,genre tag
Film,Eternals,HAS_THEME,Theme,immortality,1,2021,theme tag
Film,Eternals,HAS_THEME,Theme,duty,1,2021,theme tag
Film,Eternals,HAS_THEME,Theme,ensemble,1,2021,theme tag
Film,Eternals,USES_LANGUAGE,Language,English,1,2021,language
Film,Eternals,MARKET_TYPE,AudienceSegment,global,1,2021,market label
Film,Eternals,DISTRIBUTED_ON,Platform,Theatrical,1,2021,distribution
Film,Eternals,DISTRIBUTED_ON,Platform,Disney+,1,2021,distribution
Film,Eternals,ASSOCIATED_WITH_AWARD,Award,Academy Awards nomination,1,2021,award mention
Film,Eternals,DIRECTED_BY,Person,Chloé Zhao,2,2021,director
Film,Eternals,ACTED_IN,Person,Gemma Chan,1.5,2021,principal cast
Film,Eternals,ACTED_IN,Person,Richard Madden,1.5,2021,principal cast
Film,Eternals,ACTED_IN,Person,Angelina Jolie,1.5,2021,principal cast
Film,Eternals,APPEALS_TO,AudienceSegment,Action franchise audience,1,2021,audience segment
Person,Angelina Jolie,COLLABORATED_WITH,Person,Gemma Chan,0.7,2021,Eternals
Person,Gemma Chan,COLLABORATED_WITH,Person,Angelina Jolie,0.7,2021,Eternals
Person,Angelina Jolie,COLLABORATED_WITH,Person,Richard Madden,0.7,2021,Eternals
Person,Richard Madden,COLLABORATED_WITH,Person,Angelina Jolie,0.7,2021,Eternals
Person,Gemma Chan,COLLABORATED_WITH,Person,Richard Madden,0.7,2021,Eternals
Person,Richard Madden,COLLABORATED_WITH,Person,Gemma Chan,0.7,2021,Eternals
Film,Crazy Rich Asians,RELEASED_IN,Country,United States,1,2018,release geography
Film,Crazy Rich Asians,BELONGS_TO_GENRE,Genre,Romance,1,2018,genre tag
Film,Crazy Rich Asians,BELONGS_TO_GENRE,Genre,Comedy,1,2018,genre tag
Film,Crazy Rich Asians,HAS_THEME,Theme,family,1,2018,theme tag
Film,Crazy Rich Asians,HAS_THEME,Theme,class,1,2018,theme tag
Film,Crazy Rich Asians,HAS_THEME,Theme,belonging,1,2018,theme tag
Film,Crazy Rich Asians,USES_LANGUAGE,Language,English/Mandarin,1,2018,language
Film,Crazy Rich Asians,MARKET_TYPE,AudienceSegment,bridge,1,2018,market label
Film,Crazy Rich Asians,DISTRIBUTED_ON,Platform,Theatrical,1,2018,distribution
Film,Crazy Rich Asians,DISTRIBUTED_ON,Platform,Max,1,2018,distribution
Film,Crazy Rich Asians,ASSOCIATED_WITH_AWARD,Award,Golden Globe nomination,1,2018,award mention
Film,Crazy Rich Asians,DIRECTED_BY,Person,Jon M. Chu,2,2018,director
Film,Crazy Rich Asians,ACTED_IN,Person,Constance Wu,1.5,2018,principal cast
Film,Crazy Rich Asians,ACTED_IN,Person,Henry Golding,1.5,2018,principal cast
Film,Crazy Rich Asians,ACTED_IN,Person,Michelle Yeoh,1.5,2018,principal cast
Film,Crazy Rich Asians,APPEALS_TO,AudienceSegment,Global streaming audience,1,2018,audience segment
Person,Constance Wu,COLLABORATED_WITH,Person,Henry Golding,0.7,2018,Crazy Rich Asians
Person,Henry Golding,COLLABORATED_WITH,Person,Constance Wu,0.7,2018,Crazy Rich Asians
Person,Constance Wu,COLLABORATED_WITH,Person,Michelle Yeoh,0.7,2018,Crazy Rich Asians
Person,Michelle Yeoh,COLLABORATED_WITH,Person,Constance Wu,0.7,2018,Crazy Rich Asians
Person,Henry Golding,COLLABORATED_WITH,Person,Michelle Yeoh,0.7,2018,Crazy Rich Asians
Person,Michelle Yeoh,COLLABORATED_WITH,Person,Henry Golding,0.7,2018,Crazy Rich Asians
Film,In the Heights,RELEASED_IN,Country,United States,1,2021,release geography
Film,In the Heights,BELONGS_TO_GENRE,Genre,Musical,1,2021,genre tag
Film,In the Heights,BELONGS_TO_GENRE,Genre,Drama,1,2021,genre tag
Film,In the Heights,HAS_THEME,Theme,neighborhood,1,2021,theme tag
Film,In the Heights,HAS_THEME,Theme,dreams,1,2021,theme tag
Film,In the Heights,HAS_THEME,Theme,music,1,2021,theme tag
Film,In the Heights,USES_LANGUAGE,Language,English/Spanish,1,2021,language
Film,In the Heights,MARKET_TYPE,AudienceSegment,bridge,1,2021,market label
Film,In the Heights,DISTRIBUTED_ON,Platform,Max,1,2021,distribution
Film,In the Heights,ASSOCIATED_WITH_AWARD,Award,Academy Awards nomination,1,2021,award mention
Film,In the Heights,DIRECTED_BY,Person,Jon M. Chu,2,2021,director
Film,In the Heights,ACTED_IN,Person,Anthony Ramos,1.5,2021,principal cast
Film,In the Heights,ACTED_IN,Person,Melissa Barrera,1.5,2021,principal cast
Film,In the Heights,ACTED_IN,Person,Leslie Grace,1.5,2021,principal cast
Film,In the Heights,APPEALS_TO,AudienceSegment,Global streaming audience,1,2021,audience segment
Person,Anthony Ramos,COLLABORATED_WITH,Person,Leslie Grace,0.7,2021,In the Heights
Person,Leslie Grace,COLLABORATED_WITH,Person,Anthony Ramos,0.7,2021,In the Heights
Person,Anthony Ramos,COLLABORATED_WITH,Person,Melissa Barrera,0.7,2021,In the Heights
Person,Melissa Barrera,COLLABORATED_WITH,Person,Anthony Ramos,0.7,2021,In the Heights
Person,Leslie Grace,COLLABORATED_WITH,Person,Melissa Barrera,0.7,2021,In the Heights
Person,Melissa Barrera,COLLABORATED_WITH,Person,Leslie Grace,0.7,2021,In the Heights
Film,Precious,RELEASED_IN,Country,United States,1,2009,release geography
Film,Precious,BELONGS_TO_GENRE,Genre,Drama,1,2009,genre tag
Film,Precious,HAS_THEME,Theme,trauma,1,2009,theme tag
Film,Precious,HAS_THEME,Theme,survival,1,2009,theme tag
Film,Precious,HAS_THEME,Theme,self-worth,1,2009,theme tag
Film,Precious,USES_LANGUAGE,Language,English,1,2009,language
Film,Precious,MARKET_TYPE,AudienceSegment,prestige,1,2009,market label
Film,Precious,DISTRIBUTED_ON,Platform,Theatrical,1,2009,distribution
Film,Precious,DISTRIBUTED_ON,Platform,Netflix,1,2009,distribution
Film,Precious,ASSOCIATED_WITH_AWARD,Award,Academy Awards,1,2009,award mention
Film,Precious,ASSOCIATED_WITH_AWARD,Award,BAFTA,1,2009,award mention
Film,Precious,DIRECTED_BY,Person,Lee Daniels,2,2009,director
Film,Precious,ACTED_IN,Person,Gabourey Sidibe,1.5,2009,principal cast
Film,Precious,ACTED_IN,Person,Mo'Nique,1.5,2009,principal cast
Film,Precious,APPEALS_TO,AudienceSegment,Prestige-drama audience,1,2009,audience segment
Person,Gabourey Sidibe,COLLABORATED_WITH,Person,Mo'Nique,0.7,2009,Precious
Person,Mo'Nique,COLLABORATED_WITH,Person,Gabourey Sidibe,0.7,2009,Precious
Film,The Butler,RELEASED_IN,Country,United States,1,2013,release geography
Film,The Butler,BELONGS_TO_GENRE,Genre,Drama,1,2013,genre tag
Film,The Butler,BELONGS_TO_GENRE,Genre,Historical,1,2013,genre tag
Film,The Butler,HAS_THEME,Theme,civil rights,1,2013,theme tag
Film,The Butler,HAS_THEME,Theme,service,1,2013,theme tag
Film,The Butler,HAS_THEME,Theme,family,1,2013,theme tag
Film,The Butler,USES_LANGUAGE,Language,English,1,2013,language
Film,The Butler,MARKET_TYPE,AudienceSegment,prestige,1,2013,market label
Film,The Butler,DISTRIBUTED_ON,Platform,Theatrical,1,2013,distribution
Film,The Butler,DISTRIBUTED_ON,Platform,Netflix,1,2013,distribution
Film,The Butler,ASSOCIATED_WITH_AWARD,Award,Golden Globe nomination,1,2013,award mention
Film,The Butler,DIRECTED_BY,Person,Lee Daniels,2,2013,director
Film,The Butler,ACTED_IN,Person,Forest Whitaker,1.5,2013,principal cast
Film,The Butler,ACTED_IN,Person,Oprah Winfrey,1.5,2013,principal cast
Film,The Butler,APPEALS_TO,AudienceSegment,Prestige-drama audience,1,2013,audience segment
Person,Forest Whitaker,COLLABORATED_WITH,Person,Oprah Winfrey,0.7,2013,The Butler
Person,Oprah Winfrey,COLLABORATED_WITH,Person,Forest Whitaker,0.7,2013,The Butler
Film,Sleepless in Seattle,RELEASED_IN,Country,United States,1,1993,release geography
Film,Sleepless in Seattle,BELONGS_TO_GENRE,Genre,Romance,1,1993,genre tag
Film,Sleepless in Seattle,BELONGS_TO_GENRE,Genre,Comedy,1,1993,genre tag
Film,Sleepless in Seattle,HAS_THEME,Theme,chance,1,1993,theme tag
Film,Sleepless in Seattle,HAS_THEME,Theme,longing,1,1993,theme tag
Film,Sleepless in Seattle,HAS_THEME,Theme,city,1,1993,theme tag
Film,Sleepless in Seattle,USES_LANGUAGE,Language,English,1,1993,language
Film,Sleepless in Seattle,MARKET_TYPE,AudienceSegment,classic,1,1993,market label
Film,Sleepless in Seattle,DISTRIBUTED_ON,Platform,Theatrical,1,1993,distribution
Film,Sleepless in Seattle,DISTRIBUTED_ON,Platform,Netflix,1,1993,distribution
Film,Sleepless in Seattle,ASSOCIATED_WITH_AWARD,Award,Golden Globe,1,1993,award mention
Film,Sleepless in Seattle,DIRECTED_BY,Person,Nora Ephron,2,1993,director
Film,Sleepless in Seattle,ACTED_IN,Person,Tom Hanks,1.5,1993,principal cast
Film,Sleepless in Seattle,ACTED_IN,Person,Meg Ryan,1.5,1993,principal cast
Film,Sleepless in Seattle,APPEALS_TO,AudienceSegment,Mainstream audience,1,1993,audience segment
Person,Meg Ryan,COLLABORATED_WITH,Person,Tom Hanks,0.7,1993,Sleepless in Seattle
Person,Tom Hanks,COLLABORATED_WITH,Person,Meg Ryan,0.7,1993,Sleepless in Seattle
Film,Julie & Julia,RELEASED_IN,Country,United States,1,2009,release geography
Film,Julie & Julia,BELONGS_TO_GENRE,Genre,Comedy,1,2009,genre tag
Film,Julie & Julia,BELONGS_TO_GENRE,Genre,Drama,1,2009,genre tag
Film,Julie & Julia,HAS_THEME,Theme,cooking,1,2009,theme tag
Film,Julie & Julia,HAS_THEME,Theme,writing,1,2009,theme tag
Film,Julie & Julia,HAS_THEME,Theme,parallel lives,1,2009,theme tag
Film,Julie & Julia,USES_LANGUAGE,Language,English,1,2009,language
Film,Julie & Julia,MARKET_TYPE,AudienceSegment,prestige,1,2009,market label
Film,Julie & Julia,DISTRIBUTED_ON,Platform,Theatrical,1,2009,distribution
Film,Julie & Julia,DISTRIBUTED_ON,Platform,Netflix,1,2009,distribution
Film,Julie & Julia,ASSOCIATED_WITH_AWARD,Award,Academy Awards nomination,1,2009,award mention
Film,Julie & Julia,DIRECTED_BY,Person,Nora Ephron,2,2009,director
Film,Julie & Julia,ACTED_IN,Person,Meryl Streep,1.5,2009,principal cast
Film,Julie & Julia,ACTED_IN,Person,Amy Adams,1.5,2009,principal cast
Film,Julie & Julia,APPEALS_TO,AudienceSegment,Prestige-drama audience,1,2009,audience segment
Person,Amy Adams,COLLABORATED_WITH,Person,Meryl Streep,0.7,2009,Julie & Julia
Person,Meryl Streep,COLLABORATED_WITH,Person,Amy Adams,0.7,2009,Julie & Julia
Film,Selma,RELEASED_IN,Country,United States,1,2014,release geography
Film,Selma,BELONGS_TO_GENRE,Genre,Drama,1,2014,genre tag
Film,Selma,BELONGS_TO_GENRE,Genre,Historical,1,2014,genre tag
Film,Selma,HAS_THEME,Theme,rights,1,2014,theme tag
Film,Selma,HAS_THEME,Theme,leadership,1,2014,theme tag
Film,Selma,HAS_THEME,Theme,movement,1,2014,theme tag
Film,Selma,USES_LANGUAGE,Language,English,1,2014,language
Film,Selma,MARKET_TYPE,AudienceSegment,prestige,1,2014,market label
Film,Selma,DISTRIBUTED_ON,Platform,Theatrical,1,2014,distribution
Film,Selma,DISTRIBUTED_ON,Platform,Paramount+,1,2014,distribution
Film,Selma,ASSOCIATED_WITH_AWARD,Award,Academy Awards,1,2014,award mention
Film,Selma,DIRECTED_BY,Person,Ava DuVernay,2,2014,director
Film,Selma,ACTED_IN,Person,David Oyelowo,1.5,2014,principal cast
Film,Selma,ACTED_IN,Person,Carmen Ejogo,1.5,2014,principal cast
Film,Selma,APPEALS_TO,AudienceSegment,Prestige-drama audience,1,2014,audience segment
Person,Carmen Ejogo,COLLABORATED_WITH,Person,David Oyelowo,0.7,2014,Selma
Person,David Oyelowo,COLLABORATED_WITH,Person,Carmen Ejogo,0.7,2014,Selma
Film,When They See Us,RELEASED_IN,Country,United States,1,2019,release geography
Film,When They See Us,BELONGS_TO_GENRE,Genre,Drama,1,2019,genre tag
Film,When They See Us,BELONGS_TO_GENRE,Genre,Miniseries,1,2019,genre tag
Film,When They See Us,HAS_THEME,Theme,justice,1,2019,theme tag
Film,When They See Us,HAS_THEME,Theme,system,1,2019,theme tag
Film,When They See Us,HAS_THEME,Theme,memory,1,2019,theme tag
Film,When They See Us,USES_LANGUAGE,Language,English,1,2019,language
Film,When They See Us,MARKET_TYPE,AudienceSegment,prestige,1,2019,market label
Film,When They See Us,DISTRIBUTED_ON,Platform,Netflix,1,2019,distribution
Film,When They See Us,ASSOCIATED_WITH_AWARD,Award,Emmy Awards,1,2019,award mention
Film,When They See Us,DIRECTED_BY,Person,Ava DuVernay,2,2019,director
Film,When They See Us,ACTED_IN,Person,Jharrel Jerome,1.5,2019,principal cast
Film,When They See Us,ACTED_IN,Person,Asante Blackk,1.5,2019,principal cast
Film,When They See Us,APPEALS_TO,AudienceSegment,Prestige-drama audience,1,2019,audience segment
Person,Asante Blackk,COLLABORATED_WITH,Person,Jharrel Jerome,0.7,2019,When They See Us
Person,Jharrel Jerome,COLLABORATED_WITH,Person,Asante Blackk,0.7,2019,When They See Us
Film,Everything Everywhere All at Once,RELEASED_IN,Country,United States,1,2022,release geography
Film,Everything Everywhere All at Once,BELONGS_TO_GENRE,Genre,Action,1,2022,genre tag
Film,Everything Everywhere All at Once,BELONGS_TO_GENRE,Genre,Comedy,1,2022,genre tag
Film,Everything Everywhere All at Once,BELONGS_TO_GENRE,Genre,Sci-Fi,1,2022,genre tag
Film,Everything Everywhere All at Once,HAS_THEME,Theme,multiverse,1,2022,theme tag
Film,Everything Everywhere All at Once,HAS_THEME,Theme,family,1,2022,theme tag
Film,Everything Everywhere All at Once,HAS_THEME,Theme,identity,1,2022,theme tag
Film,Everything Everywhere All at Once,USES_LANGUAGE,Language,English/Mandarin,1,2022,language
Film,Everything Everywhere All at Once,MARKET_TYPE,AudienceSegment,cross-cultural,1,2022,market label
Film,Everything Everywhere All at Once,DISTRIBUTED_ON,Platform,Theatrical,1,2022,distribution
Film,Everything Everywhere All at Once,DISTRIBUTED_ON,Platform,Netflix,1,2022,distribution
Film,Everything Everywhere All at Once,ASSOCIATED_WITH_AWARD,Award,Academy Awards,1,2022,award mention
Film,Everything Everywhere All at Once,ASSOCIATED_WITH_AWARD,Award,Golden Globe,1,2022,award mention
Film,Everything Everywhere All at Once,ASSOCIATED_WITH_AWARD,Award,BAFTA,1,2022,award mention
Film,Everything Everywhere All at Once,DIRECTED_BY,Person,Daniel Kwan,2,2022,director
Film,Everything Everywhere All at Once,DIRECTED_BY,Person,Daniel Scheinert,2,2022,director
Film,Everything Everywhere All at Once,ACTED_IN,Person,Michelle Yeoh,1.5,2022,principal cast
Film,Everything Everywhere All at Once,ACTED_IN,Person,Ke Huy Quan,1.5,2022,principal cast
Film,Everything Everywhere All at Once,ACTED_IN,Person,Stephanie Hsu,1.5,2022,principal cast
Film,Everything Everywhere All at Once,APPEALS_TO,AudienceSegment,Action franchise audience,1,2022,audience segment
Person,Ke Huy Quan,COLLABORATED_WITH,Person,Michelle Yeoh,0.7,2022,Everything Everywhere All at Once
Person,Michelle Yeoh,COLLABORATED_WITH,Person,Ke Huy Quan,0.7,2022,Everything Everywhere All at Once
Person,Ke Huy Quan,COLLABORATED_WITH,Person,Stephanie Hsu,0.7,2022,Everything Everywhere All at Once
Person,Stephanie Hsu,COLLABORATED_WITH,Person,Ke Huy Quan,0.7,2022,Everything Everywhere All at Once
Person,Michelle Yeoh,COLLABORATED_WITH,Person,Stephanie Hsu,0.7,2022,Everything Everywhere All at Once
Person,Stephanie Hsu,COLLABORATED_WITH,Person,Michelle Yeoh,0.7,2022,Everything Everywhere All at Once
Film,The Farewell,RELEASED_IN,Country,United States/China,1,2019,release geography
Film,The Farewell,BELONGS_TO_GENRE,Genre,Drama,1,2019,genre tag
Film,The Farewell,BELONGS_TO_GENRE,Genre,Comedy,1,2019,genre tag
Film,The Farewell,HAS_THEME,Theme,family,1,2019,theme tag
Film,The Farewell,HAS_THEME,Theme,truth,1,2019,theme tag
Film,The Farewell,HAS_THEME,Theme,cross-border,1,2019,theme tag
Film,The Farewell,USES_LANGUAGE,Language,English/Mandarin,1,2019,language
Film,The Farewell,MARKET_TYPE,AudienceSegment,cross-cultural,1,2019,market label
Film,The Farewell,DISTRIBUTED_ON,Platform,Theatrical,1,2019,distribution
Film,The Farewell,DISTRIBUTED_ON,Platform,Amazon Prime Video,1,2019,distribution
Film,The Farewell,ASSOCIATED_WITH_AWARD,Award,Golden Globe nomination,1,2019,award mention
Film,The Farewell,DIRECTED_BY,Person,Lulu Wang,2,2019,director
Film,The Farewell,ACTED_IN,Person,Awkwafina,1.5,2019,principal cast
Film,The Farewell,ACTED_IN,Person,Zhao Shuzhen,1.5,2019,principal cast
Film,The Farewell,ACTED_IN,Person,Tzi Ma,1.5,2019,principal cast
Film,The Farewell,APPEALS_TO,AudienceSegment,Global streaming audience,1,2019,audience segment
Person,Awkwafina,COLLABORATED_WITH,Person,Tzi Ma,0.7,2019,The Farewell
Person,Tzi Ma,COLLABORATED_WITH,Person,Awkwafina,0.7,2019,The Farewell
Person,Awkwafina,COLLABORATED_WITH,Person,Zhao Shuzhen,0.7,2019,The Farewell
Person,Zhao Shuzhen,COLLABORATED_WITH,Person,Awkwafina,0.7,2019,The Farewell
Person,Tzi Ma,COLLABORATED_WITH,Person,Zhao Shuzhen,0.7,2019,The Farewell
Person,Zhao Shuzhen,COLLABORATED_WITH,Person,Tzi Ma,0.7,2019,The Farewell
Film,Shang-Chi and the Legend of the Ten Rings,RELEASED_IN,Country,United States,1,2021,release geography
Film,Shang-Chi and the Legend of the Ten Rings,BELONGS_TO_GENRE,Genre,Action,1,2021,genre tag
Film,Shang-Chi and the Legend of the Ten Rings,BELONGS_TO_GENRE,Genre,Superhero,1,2021,genre tag
Film,Shang-Chi and the Legend of the Ten Rings,HAS_THEME,Theme,legacy,1,2021,theme tag
Film,Shang-Chi and the Legend of the Ten Rings,HAS_THEME,Theme,family,1,2021,theme tag
Film,Shang-Chi and the Legend of the Ten Rings,HAS_THEME,Theme,myth,1,2021,theme tag
Film,Shang-Chi and the Legend of the Ten Rings,USES_LANGUAGE,Language,English/Mandarin,1,2021,language
Film,Shang-Chi and the Legend of the Ten Rings,MARKET_TYPE,AudienceSegment,cross-cultural,1,2021,market label
Film,Shang-Chi and the Legend of the Ten Rings,DISTRIBUTED_ON,Platform,Theatrical,1,2021,distribution
Film,Shang-Chi and the Legend of the Ten Rings,DISTRIBUTED_ON,Platform,Disney+,1,2021,distribution
Film,Shang-Chi and the Legend of the Ten Rings,ASSOCIATED_WITH_AWARD,Award,Academy Awards nomination,1,2021,award mention
Film,Shang-Chi and the Legend of the Ten Rings,DIRECTED_BY,Person,Destin Daniel Cretton,2,2021,director
Film,Shang-Chi and the Legend of the Ten Rings,ACTED_IN,Person,Simu Liu,1.5,2021,principal cast
Film,Shang-Chi and the Legend of the Ten Rings,ACTED_IN,Person,Awkwafina,1.5,2021,principal cast
Film,Shang-Chi and the Legend of the Ten Rings,ACTED_IN,Person,Tony Leung Chiu-wai,1.5,2021,principal cast
Film,Shang-Chi and the Legend of the Ten Rings,APPEALS_TO,AudienceSegment,Action franchise audience,1,2021,audience segment
Person,Awkwafina,COLLABORATED_WITH,Person,Simu Liu,0.7,2021,Shang-Chi and the Legend of the Ten Rings
Person,Simu Liu,COLLABORATED_WITH,Person,Awkwafina,0.7,2021,Shang-Chi and the Legend of the Ten Rings
Person,Awkwafina,COLLABORATED_WITH,Person,Tony Leung Chiu-wai,0.7,2021,Shang-Chi and the Legend of the Ten Rings
Person,Tony Leung Chiu-wai,COLLABORATED_WITH,Person,Awkwafina,0.7,2021,Shang-Chi and the Legend of the Ten Rings
Person,Simu Liu,COLLABORATED_WITH,Person,Tony Leung Chiu-wai,0.7,2021,Shang-Chi and the Legend of the Ten Rings
Person,Tony Leung Chiu-wai,COLLABORATED_WITH,Person,Simu Liu,0.7,2021,Shang-Chi and the Legend of the Ten Rings
Film,Mulan,RELEASED_IN,Country,United States,1,2020,release geography
Film,Mulan,BELONGS_TO_GENRE,Genre,Action,1,2020,genre tag
Film,Mulan,BELONGS_TO_GENRE,Genre,Adventure,1,2020,genre tag
Film,Mulan,HAS_THEME,Theme,duty,1,2020,theme tag
Film,Mulan,HAS_THEME,Theme,honor,1,2020,theme tag
Film,Mulan,HAS_THEME,Theme,myth,1,2020,theme tag
Film,Mulan,USES_LANGUAGE,Language,English/Mandarin,1,2020,language
Film,Mulan,MARKET_TYPE,AudienceSegment,cross-cultural,1,2020,market label
Film,Mulan,DISTRIBUTED_ON,Platform,Disney+,1,2020,distribution
Film,Mulan,ASSOCIATED_WITH_AWARD,Award,Academy Awards nomination,1,2020,award mention
Film,Mulan,DIRECTED_BY,Person,Niki Caro,2,2020,director
Film,Mulan,ACTED_IN,Person,Liu Yifei,1.5,2020,principal cast
Film,Mulan,ACTED_IN,Person,Donnie Yen,1.5,2020,principal cast
Film,Mulan,ACTED_IN,Person,Gong Li,1.5,2020,principal cast
Film,Mulan,APPEALS_TO,AudienceSegment,Action franchise audience,1,2020,audience segment
Person,Donnie Yen,COLLABORATED_WITH,Person,Gong Li,0.7,2020,Mulan
Person,Gong Li,COLLABORATED_WITH,Person,Donnie Yen,0.7,2020,Mulan
Person,Donnie Yen,COLLABORATED_WITH,Person,Liu Yifei,0.7,2020,Mulan
Person,Liu Yifei,COLLABORATED_WITH,Person,Donnie Yen,0.7,2020,Mulan
Person,Gong Li,COLLABORATED_WITH,Person,Liu Yifei,0.7,2020,Mulan
Person,Liu Yifei,COLLABORATED_WITH,Person,Gong Li,0.7,2020,Mulan
Film,Minari,RELEASED_IN,Country,United States,1,2020,release geography
Film,Minari,BELONGS_TO_GENRE,Genre,Drama,1,2020,genre tag
Film,Minari,HAS_THEME,Theme,family,1,2020,theme tag
Film,Minari,HAS_THEME,Theme,migration,1,2020,theme tag
Film,Minari,HAS_THEME,Theme,belonging,1,2020,theme tag
Film,Minari,USES_LANGUAGE,Language,English/Korean,1,2020,language
Film,Minari,MARKET_TYPE,AudienceSegment,cross-cultural,1,2020,market label
Film,Minari,DISTRIBUTED_ON,Platform,Theatrical,1,2020,distribution
Film,Minari,DISTRIBUTED_ON,Platform,A24,1,2020,distribution
Film,Minari,ASSOCIATED_WITH_AWARD,Award,Academy Awards,1,2020,award mention
Film,Minari,ASSOCIATED_WITH_AWARD,Award,Golden Globe,1,2020,award mention
Film,Minari,DIRECTED_BY,Person,Lee Isaac Chung,2,2020,director
Film,Minari,ACTED_IN,Person,Steven Yeun,1.5,2020,principal cast
Film,Minari,ACTED_IN,Person,Han Ye-ri,1.5,2020,principal cast
Film,Minari,ACTED_IN,Person,Youn Yuh-jung,1.5,2020,principal cast
Film,Minari,APPEALS_TO,AudienceSegment,Global streaming audience,1,2020,audience segment
Person,Han Ye-ri,COLLABORATED_WITH,Person,Steven Yeun,0.7,2020,Minari
Person,Steven Yeun,COLLABORATED_WITH,Person,Han Ye-ri,0.7,2020,Minari
Person,Han Ye-ri,COLLABORATED_WITH,Person,Youn Yuh-jung,0.7,2020,Minari
Person,Youn Yuh-jung,COLLABORATED_WITH,Person,Han Ye-ri,0.7,2020,Minari
Person,Steven Yeun,COLLABORATED_WITH,Person,Youn Yuh-jung,0.7,2020,Minari
Person,Youn Yuh-jung,COLLABORATED_WITH,Person,Steven Yeun,0.7,2020,Minari
Film,A Sample Slate for a Pan-Asian Thriller,RELEASED_IN,Country,Cross-market,1,2026,release geography
Film,A Sample Slate for a Pan-Asian Thriller,BELONGS_TO_GENRE,Genre,Thriller,1,2026,genre tag
Film,A Sample Slate for a Pan-Asian Thriller,BELONGS_TO_GENRE,Genre,Drama,1,2026,genre tag
Film,A Sample Slate for a Pan-Asian Thriller,HAS_THEME,Theme,identity,1,2026,theme tag
Film,A Sample Slate for a Pan-Asian Thriller,HAS_THEME,Theme,espionage,1,2026,theme tag
Film,A Sample Slate for a Pan-Asian Thriller,HAS_THEME,Theme,family,1,2026,theme tag
Film,A Sample Slate for a Pan-Asian Thriller,USES_LANGUAGE,Language,English/Mandarin,1,2026,language
Film,A Sample Slate for a Pan-Asian Thriller,MARKET_TYPE,AudienceSegment,sample,1,2026,market label
Film,A Sample Slate for a Pan-Asian Thriller,DISTRIBUTED_ON,Platform,Sample Streaming,1,2026,distribution
Film,A Sample Slate for a Pan-Asian Thriller,DISTRIBUTED_ON,Platform,Theatrical,1,2026,distribution
Film,A Sample Slate for a Pan-Asian Thriller,ACTED_IN,Person,Michelle Yeoh,1.5,2026,principal cast
Film,A Sample Slate for a Pan-Asian Thriller,ACTED_IN,Person,Simu Liu,1.5,2026,principal cast
Film,A Sample Slate for a Pan-Asian Thriller,APPEALS_TO,AudienceSegment,Mainstream audience,1,2026,audience segment
Person,Michelle Yeoh,COLLABORATED_WITH,Person,Simu Liu,0.7,2026,A Sample Slate for a Pan-Asian Thriller
Person,Simu Liu,COLLABORATED_WITH,Person,Michelle Yeoh,0.7,2026,A Sample Slate for a Pan-Asian Thriller
Film,A Sample Slate for Prestige Sci-Fi,RELEASED_IN,Country,Cross-market,1,2026,release geography
Film,A Sample Slate for Prestige Sci-Fi,BELONGS_TO_GENRE,Genre,Sci-Fi,1,2026,genre tag
Film,A Sample Slate for Prestige Sci-Fi,BELONGS_TO_GENRE,Genre,Drama,1,2026,genre tag
Film,A Sample Slate for Prestige Sci-Fi,HAS_THEME,Theme,future,1,2026,theme tag
Film,A Sample Slate for Prestige Sci-Fi,HAS_THEME,Theme,ethics,1,2026,theme tag
Film,A Sample Slate for Prestige Sci-Fi,HAS_THEME,Theme,contact,1,2026,theme tag
Film,A Sample Slate for Prestige Sci-Fi,USES_LANGUAGE,Language,English,1,2026,language
Film,A Sample Slate for Prestige Sci-Fi,MARKET_TYPE,AudienceSegment,sample,1,2026,market label
Film,A Sample Slate for Prestige Sci-Fi,DISTRIBUTED_ON,Platform,Sample Streaming,1,2026,distribution
Film,A Sample Slate for Prestige Sci-Fi,ACTED_IN,Person,Cillian Murphy,1.5,2026,principal cast
Film,A Sample Slate for Prestige Sci-Fi,ACTED_IN,Person,Zhang Ziyi,1.5,2026,principal cast
Film,A Sample Slate for Prestige Sci-Fi,APPEALS_TO,AudienceSegment,Mainstream audience,1,2026,audience segment
Person,Cillian Murphy,COLLABORATED_WITH,Person,Zhang Ziyi,0.7,2026,A Sample Slate for Prestige Sci-Fi
Person,Zhang Ziyi,COLLABORATED_WITH,Person,Cillian Murphy,0.7,2026,A Sample Slate for Prestige Sci-Fi
Film,A Sample Slate for Awards-Season Ensemble Drama,RELEASED_IN,Country,Cross-market,1,2026,release geography
Film,A Sample Slate for Awards-Season Ensemble Drama,BELONGS_TO_GENRE,Genre,Drama,1,2026,genre tag
Film,A Sample Slate for Awards-Season Ensemble Drama,BELONGS_TO_GENRE,Genre,Ensemble,1,2026,genre tag
Film,A Sample Slate for Awards-Season Ensemble Drama,HAS_THEME,Theme,legacy,1,2026,theme tag
Film,A Sample Slate for Awards-Season Ensemble Drama,HAS_THEME,Theme,family,1,2026,theme tag
Film,A Sample Slate for Awards-Season Ensemble Drama,HAS_THEME,Theme,industry,1,2026,theme tag
Film,A Sample Slate for Awards-Season Ensemble Drama,USES_LANGUAGE,Language,English/Mandarin,1,2026,language
Film,A Sample Slate for Awards-Season Ensemble Drama,MARKET_TYPE,AudienceSegment,sample,1,2026,market label
Film,A Sample Slate for Awards-Season Ensemble Drama,DISTRIBUTED_ON,Platform,Sample Streaming,1,2026,distribution
Film,A Sample Slate for Awards-Season Ensemble Drama,DISTRIBUTED_ON,Platform,Theatrical,1,2026,distribution
Film,A Sample Slate for Awards-Season Ensemble Drama,ACTED_IN,Person,Meryl Streep,1.5,2026,principal cast
Film,A Sample Slate for Awards-Season Ensemble Drama,ACTED_IN,Person,Tony Leung Chiu-wai,1.5,2026,principal cast
Film,A Sample Slate for Awards-Season Ensemble Drama,APPEALS_TO,AudienceSegment,Mainstream audience,1,2026,audience segment
Person,Meryl Streep,COLLABORATED_WITH,Person,Tony Leung Chiu-wai,0.7,2026,A Sample Slate for Awards-Season Ensemble Drama
Person,Tony Leung Chiu-wai,COLLABORATED_WITH,Person,Meryl Streep,0.7,2026,A Sample Slate for Awards-Season Ensemble Drama
Film,A Sample Slate for Youth Culture Crime,RELEASED_IN,Country,Cross-market,1,2026,release geography
Film,A Sample Slate for Youth Culture Crime,BELONGS_TO_GENRE,Genre,Crime,1,2026,genre tag
Film,A Sample Slate for Youth Culture Crime,BELONGS_TO_GENRE,Genre,Coming-of-Age,1,2026,genre tag
Film,A Sample Slate for Youth Culture Crime,HAS_THEME,Theme,pressure,1,2026,theme tag
Film,A Sample Slate for Youth Culture Crime,HAS_THEME,Theme,identity,1,2026,theme tag
Film,A Sample Slate for Youth Culture Crime,HAS_THEME,Theme,night life,1,2026,theme tag
Film,A Sample Slate for Youth Culture Crime,USES_LANGUAGE,Language,English,1,2026,language
Film,A Sample Slate for Youth Culture Crime,MARKET_TYPE,AudienceSegment,sample,1,2026,market label
Film,A Sample Slate for Youth Culture Crime,DISTRIBUTED_ON,Platform,Sample Streaming,1,2026,distribution
Film,A Sample Slate for Youth Culture Crime,ACTED_IN,Person,Zendaya,1.5,2026,principal cast
Film,A Sample Slate for Youth Culture Crime,ACTED_IN,Person,Jackson Yee,1.5,2026,principal cast
Film,A Sample Slate for Youth Culture Crime,APPEALS_TO,AudienceSegment,Youth audience,1,2026,audience segment
Person,Jackson Yee,COLLABORATED_WITH,Person,Zendaya,0.7,2026,A Sample Slate for Youth Culture Crime
Person,Zendaya,COLLABORATED_WITH,Person,Jackson Yee,0.7,2026,A Sample Slate for Youth Culture Crime
Film,A Sample Slate for Festival Romance,RELEASED_IN,Country,Cross-market,1,2026,release geography
Film,A Sample Slate for Festival Romance,BELONGS_TO_GENRE,Genre,Romance,1,2026,genre tag
Film,A Sample Slate for Festival Romance,BELONGS_TO_GENRE,Genre,Drama,1,2026,genre tag
Film,A Sample Slate for Festival Romance,HAS_THEME,Theme,desire,1,2026,theme tag
Film,A Sample Slate for Festival Romance,HAS_THEME,Theme,distance,1,2026,theme tag
Film,A Sample Slate for Festival Romance,HAS_THEME,Theme,memory,1,2026,theme tag
Film,A Sample Slate for Festival Romance,USES_LANGUAGE,Language,English/French/Mandarin,1,2026,language
Film,A Sample Slate for Festival Romance,MARKET_TYPE,AudienceSegment,sample,1,2026,market label
Film,A Sample Slate for Festival Romance,DISTRIBUTED_ON,Platform,MUBI,1,2026,distribution
Film,A Sample Slate for Festival Romance,DISTRIBUTED_ON,Platform,Theatrical,1,2026,distribution
Film,A Sample Slate for Festival Romance,ACTED_IN,Person,Tang Wei,1.5,2026,principal cast
Film,A Sample Slate for Festival Romance,ACTED_IN,Person,Ryan Gosling,1.5,2026,principal cast
Film,A Sample Slate for Festival Romance,APPEALS_TO,AudienceSegment,Mainstream audience,1,2026,audience segment
Person,Ryan Gosling,COLLABORATED_WITH,Person,Tang Wei,0.7,2026,A Sample Slate for Festival Romance
Person,Tang Wei,COLLABORATED_WITH,Person,Ryan Gosling,0.7,2026,A Sample Slate for Festival Romance
Film,A Sample Slate for Franchise Action,RELEASED_IN,Country,Cross-market,1,2026,release geography
Film,A Sample Slate for Franchise Action,BELONGS_TO_GENRE,Genre,Action,1,2026,genre tag
Film,A Sample Slate for Franchise Action,BELONGS_TO_GENRE,Genre,Adventure,1,2026,genre tag
Film,A Sample Slate for Franchise Action,HAS_THEME,Theme,mentor,1,2026,theme tag
Film,A Sample Slate for Franchise Action,HAS_THEME,Theme,teamwork,1,2026,theme tag
Film,A Sample Slate for Franchise Action,HAS_THEME,Theme,retaliation,1,2026,theme tag
Film,A Sample Slate for Franchise Action,USES_LANGUAGE,Language,English,1,2026,language
Film,A Sample Slate for Franchise Action,MARKET_TYPE,AudienceSegment,sample,1,2026,market label
Film,A Sample Slate for Franchise Action,DISTRIBUTED_ON,Platform,Disney+,1,2026,distribution
Film,A Sample Slate for Franchise Action,DISTRIBUTED_ON,Platform,Theatrical,1,2026,distribution
Film,A Sample Slate for Franchise Action,ACTED_IN,Person,Donnie Yen,1.5,2026,principal cast
Film,A Sample Slate for Franchise Action,ACTED_IN,Person,Denzel Washington,1.5,2026,principal cast
Film,A Sample Slate for Franchise Action,APPEALS_TO,AudienceSegment,Action franchise audience,1,2026,audience segment
Person,Denzel Washington,COLLABORATED_WITH,Person,Donnie Yen,0.7,2026,A Sample Slate for Franchise Action
Person,Donnie Yen,COLLABORATED_WITH,Person,Denzel Washington,0.7,2026,A Sample Slate for Franchise Action
Person,Ang Lee,CROSSES_MARKET,AudienceSegment,cross-cultural,2,,bridge figure
Person,Gong Li,CROSSES_MARKET,AudienceSegment,cross-cultural,2,,bridge figure
Person,Zhang Ziyi,CROSSES_MARKET,AudienceSegment,cross-cultural,2,,bridge figure
Person,Tony Leung Chiu-wai,CROSSES_MARKET,AudienceSegment,cross-cultural,2,,bridge figure
Person,Michelle Yeoh,CROSSES_MARKET,AudienceSegment,cross-cultural,2,,bridge figure
Person,John Woo,CROSSES_MARKET,AudienceSegment,cross-cultural,2,,bridge figure
Person,Chloé Zhao,CROSSES_MARKET,AudienceSegment,cross-cultural,2,,bridge figure
Person,Lulu Wang,CROSSES_MARKET,AudienceSegment,cross-cultural,2,,bridge figure
Person,Daniel Kwan,CROSSES_MARKET,AudienceSegment,cross-cultural,2,,bridge figure
Person,Daniel Scheinert,CROSSES_MARKET,AudienceSegment,cross-cultural,2,,bridge figure
Person,Awkwafina,CROSSES_MARKET,AudienceSegment,cross-cultural,2,,bridge figure
Person,Constance Wu,CROSSES_MARKET,AudienceSegment,cross-cultural,2,,bridge figure
Person,Henry Golding,CROSSES_MARKET,AudienceSegment,cross-cultural,2,,bridge figure
Person,Simu Liu,CROSSES_MARKET,AudienceSegment,cross-cultural,2,,bridge figure
Person,Ke Huy Quan,CROSSES_MARKET,AudienceSegment,cross-cultural,2,,bridge figure
Person,Liu Yifei,CROSSES_MARKET,AudienceSegment,cross-cultural,2,,bridge figure
Person,Jackie Chan,CROSSES_MARKET,AudienceSegment,cross-cultural,2,,bridge figure
Person,Donnie Yen,CROSSES_MARKET,AudienceSegment,cross-cultural,2,,bridge figure
Person,Chow Yun-fat,CROSSES_MARKET,AudienceSegment,cross-cultural,2,,bridge figure
Person,Zhao Tao,CROSSES_MARKET,AudienceSegment,cross-cultural,2,,bridge figure
Person,Stephen Chow,CROSSES_MARKET,AudienceSegment,cross-cultural,2,,bridge figure
Person,Steven Yeun,CROSSES_MARKET,AudienceSegment,cross-cultural,2,,bridge figure
Film,"Crouching Tiger, Hidden Dragon",CROSSES_MARKET,AudienceSegment,cross-cultural,2,,bridge film
Film,Hero,CROSSES_MARKET,AudienceSegment,cross-cultural,2,,bridge film
Film,Everything Everywhere All at Once,CROSSES_MARKET,AudienceSegment,cross-cultural,2,,bridge film
Film,The Farewell,CROSSES_MARKET,AudienceSegment,cross-cultural,2,,bridge film
Film,Shang-Chi and the Legend of the Ten Rings,CROSSES_MARKET,AudienceSegment,cross-cultural,2,,bridge film
Film,Mulan,CROSSES_MARKET,AudienceSegment,cross-cultural,2,,bridge film
Film,Minari,CROSSES_MARKET,AudienceSegment,cross-cultural,2,,bridge film
Film,Crazy Rich Asians,CROSSES_MARKET,AudienceSegment,cross-cultural,2,,bridge film
Film,Nomadland,CROSSES_MARKET,AudienceSegment,cross-cultural,2,,bridge film
Film,The Wandering Earth,CROSSES_MARKET,AudienceSegment,cross-cultural,2,,bridge film
Person,Zhang Yimou,SIMILAR_TO,Person,Chen Kaige,0.9,,curated similarity
Person,Chen Kaige,SIMILAR_TO,Person,Zhang Yimou,0.9,,curated similarity
Person,Wong Kar-wai,SIMILAR_TO,Person,Jia Zhangke,0.9,,curated similarity
Person,Jia Zhangke,SIMILAR_TO,Person,Wong Kar-wai,0.9,,curated similarity
Person,Ang Lee,SIMILAR_TO,Person,Chloé Zhao,0.9,,curated similarity
Person,Chloé Zhao,SIMILAR_TO,Person,Ang Lee,0.9,,curated similarity
Person,Steven Spielberg,SIMILAR_TO,Person,James Cameron,0.9,,curated similarity
Person,James Cameron,SIMILAR_TO,Person,Steven Spielberg,0.9,,curated similarity
Person,Christopher Nolan,SIMILAR_TO,Person,Denis Villeneuve,0.9,,curated similarity
Person,Denis Villeneuve,SIMILAR_TO,Person,Christopher Nolan,0.9,,curated similarity
Person,Ryan Coogler,SIMILAR_TO,Person,Jordan Peele,0.9,,curated similarity
Person,Jordan Peele,SIMILAR_TO,Person,Ryan Coogler,0.9,,curated similarity
Person,Michelle Yeoh,SIMILAR_TO,Person,Zhang Ziyi,0.9,,curated similarity
Person,Zhang Ziyi,SIMILAR_TO,Person,Michelle Yeoh,0.9,,curated similarity
Person,Tony Leung Chiu-wai,SIMILAR_TO,Person,Chow Yun-fat,0.9,,curated similarity
Person,Chow Yun-fat,SIMILAR_TO,Person,Tony Leung Chiu-wai,0.9,,curated similarity
Person,Daniel Kwan,SIMILAR_TO,Person,Daniel Scheinert,0.9,,curated similarity
Person,Daniel Scheinert,SIMILAR_TO,Person,Daniel Kwan,0.9,,curated similarity
Person,Meryl Streep,SIMILAR_TO,Person,Viola Davis,0.9,,curated similarity
Person,Viola Davis,SIMILAR_TO,Person,Meryl Streep,0.9,,curated similarity
Person,Emma Stone,SIMILAR_TO,Person,Margot Robbie,0.9,,curated similarity
Person,Margot Robbie,SIMILAR_TO,Person,Emma Stone,0.9,,curated similarity
Person,Leonardo DiCaprio,SIMILAR_TO,Person,Brad Pitt,0.9,,curated similarity
Person,Brad Pitt,SIMILAR_TO,Person,Leonardo DiCaprio,0.9,,curated similarity
Film,"Crouching Tiger, Hidden Dragon",WON_AWARD,Award,Academy Awards,1,2001,Won
Film,Hero,WON_AWARD,Award,Academy Awards,1,2003,Nominated
Film,House of Flying Daggers,WON_AWARD,Award,Academy Awards,1,2005,Nominated
Film,Everything Everywhere All at Once,WON_AWARD,Award,Academy Awards,1,2023,Won
Film,Nomadland,WON_AWARD,Award,Academy Awards,1,2021,Won
Film,The Hurt Locker,WON_AWARD,Award,Academy Awards,1,2010,Won
Film,Black Panther,WON_AWARD,Award,Academy Awards,1,2019,Won
Film,The Godfather,WON_AWARD,Award,Academy Awards,1,1973,Won
Film,Titanic,WON_AWARD,Award,Academy Awards,1,1998,Won
Film,The Social Network,WON_AWARD,Award,Academy Awards,1,2011,Won
Film,Schindler's List,WON_AWARD,Award,Academy Awards,1,1994,Won
Film,La La Land,WON_AWARD,Award,Academy Awards,1,2017,Won
Person,Ang Lee,WON_AWARD,Award,Academy Awards,1,2013,Won
Person,Chloé Zhao,WON_AWARD,Award,Academy Awards,1,2021,Won
Person,Michelle Yeoh,WON_AWARD,Award,Academy Awards,1,2023,Won
Film,Farewell My Concubine,WON_AWARD,Award,Cannes Palme d'Or,1,1993,Won
Film,Pulp Fiction,WON_AWARD,Award,Cannes Palme d'Or,1,1994,Won
Film,A Touch of Sin,WON_AWARD,Award,Cannes Best Screenplay,1,2013,Won
Film,The Wild Goose Lake,WON_AWARD,Award,Cannes Competition,1,2019,Selected
Film,Asteroid City,WON_AWARD,Award,Cannes Competition,1,2023,Selected
Film,Red Sorghum,WON_AWARD,Award,Berlin Golden Bear,1,1988,Won
Film,"Black Coal, Thin Ice",WON_AWARD,Award,Berlin Golden Bear,1,2014,Won
Film,Still Life,WON_AWARD,Award,Venice Golden Lion,1,2006,Won
Film,Nomadland,WON_AWARD,Award,Venice Golden Lion,1,2020,Won
Film,"Crouching Tiger, Hidden Dragon",WON_AWARD,Award,Golden Globe,1,2001,Won
Film,Titanic,WON_AWARD,Award,Golden Globe,1,1998,Won
Film,Barbie,WON_AWARD,Award,Golden Globe,1,2024,Won
Film,Aftershock,WON_AWARD,Award,Golden Horse Awards,1,2010,Won
Film,Let the Bullets Fly,WON_AWARD,Award,Golden Horse Awards,1,2010,Won
Film,Kung Fu Hustle,WON_AWARD,Award,Hong Kong Film Awards,1,2005,Won
Film,The Killer,WON_AWARD,Award,Hong Kong Film Awards,1,1990,Won
Film,The Warlords,WON_AWARD,Award,Hong Kong Film Awards,1,2008,Won
Film,"Crouching Tiger, Hidden Dragon",WON_AWARD,Award,BAFTA,1,2001,Won
Film,Black Panther,WON_AWARD,Award,BAFTA,1,2019,Won
Film,Dune,WON_AWARD,Award,BAFTA,1,2022,Won
Person,Ang Lee,CROSSES_MARKET,Country,China,2,,bridge path
Person,Ang Lee,CROSSES_MARKET,Country,United States,2,,bridge path
Person,Gong Li,CROSSES_MARKET,Country,China,2,,bridge path
Person,Gong Li,CROSSES_MARKET,Country,United States,2,,bridge path
Person,Zhang Ziyi,CROSSES_MARKET,Country,China,2,,bridge path
Person,Zhang Ziyi,CROSSES_MARKET,Country,United States,2,,bridge path
Person,Tony Leung Chiu-wai,CROSSES_MARKET,Country,China,2,,bridge path
Person,Tony Leung Chiu-wai,CROSSES_MARKET,Country,United States,2,,bridge path
Person,Michelle Yeoh,CROSSES_MARKET,Country,China,2,,bridge path
Person,Michelle Yeoh,CROSSES_MARKET,Country,United States,2,,bridge path
Person,John Woo,CROSSES_MARKET,Country,China,2,,bridge path
Person,John Woo,CROSSES_MARKET,Country,United States,2,,bridge path
Person,Chloé Zhao,CROSSES_MARKET,Country,China,2,,bridge path
Person,Chloé Zhao,CROSSES_MARKET,Country,United States,2,,bridge path
Person,Lulu Wang,CROSSES_MARKET,Country,China,2,,bridge path
Person,Lulu Wang,CROSSES_MARKET,Country,United States,2,,bridge path
Person,Daniel Kwan,CROSSES_MARKET,Country,China,2,,bridge path
Person,Daniel Kwan,CROSSES_MARKET,Country,United States,2,,bridge path
Person,Daniel Scheinert,CROSSES_MARKET,Country,China,2,,bridge path
Person,Daniel Scheinert,CROSSES_MARKET,Country,United States,2,,bridge path
Person,Awkwafina,CROSSES_MARKET,Country,China,2,,bridge path
Person,Awkwafina,CROSSES_MARKET,Country,United States,2,,bridge path
Person,Constance Wu,CROSSES_MARKET,Country,China,2,,bridge path
Person,Constance Wu,CROSSES_MARKET,Country,United States,2,,bridge path
Person,Henry Golding,CROSSES_MARKET,Country,China,2,,bridge path
Person,Henry Golding,CROSSES_MARKET,Country,United States,2,,bridge path
Person,Simu Liu,CROSSES_MARKET,Country,China,2,,bridge path
Person,Simu Liu,CROSSES_MARKET,Country,United States,2,,bridge path
Person,Ke Huy Quan,CROSSES_MARKET,Country,China,2,,bridge path
Person,Ke Huy Quan,CROSSES_MARKET,Country,United States,2,,bridge path
Person,Liu Yifei,CROSSES_MARKET,Country,China,2,,bridge path
Person,Liu Yifei,CROSSES_MARKET,Country,United States,2,,bridge path
Person,Jackie Chan,CROSSES_MARKET,Country,China,2,,bridge path
Person,Jackie Chan,CROSSES_MARKET,Country,United States,2,,bridge path
Person,Donnie Yen,CROSSES_MARKET,Country,China,2,,bridge path
Person,Donnie Yen,CROSSES_MARKET,Country,United States,2,,bridge path
Person,Chow Yun-fat,CROSSES_MARKET,Country,China,2,,bridge path
Person,Chow Yun-fat,CROSSES_MARKET,Country,United States,2,,bridge path
Person,Zhao Tao,CROSSES_MARKET,Country,China,2,,bridge path
Person,Zhao Tao,CROSSES_MARKET,Country,United States,2,,bridge path
Person,Stephen Chow,CROSSES_MARKET,Country,China,2,,bridge path
Person,Stephen Chow,CROSSES_MARKET,Country,United States,2,,bridge path
Person,Steven Yeun,CROSSES_MARKET,Country,China,2,,bridge path
Person,Steven Yeun,CROSSES_MARKET,Country,United States,2,,bridge path
Film,"Crouching Tiger, Hidden Dragon",CROSSES_MARKET,Country,China,2,,bridge path
Film,"Crouching Tiger, Hidden Dragon",CROSSES_MARKET,Country,United States,2,,bridge path
Film,Hero,CROSSES_MARKET,Country,China,2,,bridge path
Film,Hero,CROSSES_MARKET,Country,United States,2,,bridge path
Film,Everything Everywhere All at Once,CROSSES_MARKET,Country,China,2,,bridge path
Film,Everything Everywhere All at Once,CROSSES_MARKET,Country,United States,2,,bridge path
Film,The Farewell,CROSSES_MARKET,Country,China,2,,bridge path
Film,The Farewell,CROSSES_MARKET,Country,United States,2,,bridge path
Film,Shang-Chi and the Legend of the Ten Rings,CROSSES_MARKET,Country,China,2,,bridge path
Film,Shang-Chi and the Legend of the Ten Rings,CROSSES_MARKET,Country,United States,2,,bridge path
Film,Mulan,CROSSES_MARKET,Country,China,2,,bridge path
Film,Mulan,CROSSES_MARKET,Country,United States,2,,bridge path
Film,Minari,CROSSES_MARKET,Country,China,2,,bridge path
Film,Minari,CROSSES_MARKET,Country,United States,2,,bridge path
Film,Crazy Rich Asians,CROSSES_MARKET,Country,China,2,,bridge path
Film,Crazy Rich Asians,CROSSES_MARKET,Country,United States,2,,bridge path
Film,Nomadland,CROSSES_MARKET,Country,China,2,,bridge path
Film,Nomadland,CROSSES_MARKET,Country,United States,2,,bridge path
Film,The Wandering Earth,CROSSES_MARKET,Country,China,2,,bridge path
Film,The Wandering Earth,CROSSES_MARKET,Country,United States,2,,bridge path
